competition,year,link,name,abbrev,num_players,avg_age,num_foreigners,total_market_value
Premier League,2018,https://www.transfermarkt.es/manchester-city/kader/verein/281/saison_id/2018,Manchester City,46,,34.0,,1200000000.0
Premier League,2018,https://www.transfermarkt.es/liverpool-fc/kader/verein/31/saison_id/2018,Liverpool FC,39,,25.0,,1170000000.0
Premier League,2018,https://www.transfermarkt.es/chelsea-fc/kader/verein/631/saison_id/2018,Chelsea FC,54,,40.0,,1170000000.0
Premier League,2018,https://www.transfermarkt.es/tottenham-hotspur/kader/verein/148/saison_id/2018,Tottenham Hotspur,34,,20.0,,898600000.0
Premier League,2018,https://www.transfermarkt.es/manchester-united/kader/verein/985/saison_id/2018,Manchester United,36,,22.0,,797600000.0
Premier League,2018,https://www.transfermarkt.es/arsenal-fc/kader/verein/11/saison_id/2018,Arsenal FC,42,,28.0,,659050000.0
Premier League,2018,https://www.transfermarkt.es/everton-fc/kader/verein/29/saison_id/2018,Everton FC,40,,28.0,,529100000.0
Premier League,2018,https://www.transfermarkt.es/leicester-city/kader/verein/1003/saison_id/2018,Leicester City,37,,26.0,,434100000.0
Premier League,2018,https://www.transfermarkt.es/west-ham-united/kader/verein/379/saison_id/2018,West Ham United,37,,23.0,,359000000.0
Premier League,2018,https://www.transfermarkt.es/afc-bournemouth/kader/verein/989/saison_id/2018,AFC Bournemouth,37,,16.0,,310000000.0
Premier League,2018,https://www.transfermarkt.es/southampton-fc/kader/verein/180/saison_id/2018,Southampton FC,40,,18.0,,305400000.0
Premier League,2018,https://www.transfermarkt.es/wolverhampton-wanderers/kader/verein/543/saison_id/2018,Wolverhampton Wanderers,40,,26.0,,302900000.0
Premier League,2018,https://www.transfermarkt.es/crystal-palace/kader/verein/873/saison_id/2018,Crystal Palace,36,,21.0,,289000000.0
Premier League,2018,https://www.transfermarkt.es/fulham-fc/kader/verein/931/saison_id/2018,Fulham FC,33,,25.0,,254250000.0
Premier League,2018,https://www.transfermarkt.es/newcastle-united/kader/verein/762/saison_id/2018,Newcastle United,37,,22.0,,244650000.0
Premier League,2018,https://www.transfermarkt.es/watford-fc/kader/verein/1010/saison_id/2018,Watford FC,39,,32.0,,239100000.0
Premier League,2018,https://www.transfermarkt.es/burnley-fc/kader/verein/1132/saison_id/2018,Burnley FC,33,,14.0,,197250000.0
Premier League,2018,https://www.transfermarkt.es/brighton-amp-hove-albion/kader/verein/1237/saison_id/2018,Brighton & Hove Albion,41,,29.0,,194350000.0
Premier League,2018,https://www.transfermarkt.es/huddersfield-town/kader/verein/1110/saison_id/2018,Huddersfield Town,33,,21.0,,137450000.0
Premier League,2018,https://www.transfermarkt.es/cardiff-city/kader/verein/603/saison_id/2018,Cardiff City,35,,20.0,,113000000.0
Premier League,2019,https://www.transfermarkt.es/manchester-city/kader/verein/281/saison_id/2019,Manchester City,34,,23.0,,1050000000.0
Premier League,2019,https://www.transfermarkt.es/liverpool-fc/kader/verein/31/saison_id/2019,Liverpool FC,56,,31.0,,1000000000.0
Premier League,2019,https://www.transfermarkt.es/tottenham-hotspur/kader/verein/148/saison_id/2019,Tottenham Hotspur,36,,22.0,,806800000.0
Premier League,2019,https://www.transfermarkt.es/chelsea-fc/kader/verein/631/saison_id/2019,Chelsea FC,36,,22.0,,705850000.0
Premier League,2019,https://www.transfermarkt.es/manchester-united/kader/verein/985/saison_id/2019,Manchester United,43,,24.0,,670450000.0
Premier League,2019,https://www.transfermarkt.es/arsenal-fc/kader/verein/11/saison_id/2019,Arsenal FC,38,,23.0,,607650000.0
Premier League,2019,https://www.transfermarkt.es/everton-fc/kader/verein/29/saison_id/2019,Everton FC,35,,21.0,,420300000.0
Premier League,2019,https://www.transfermarkt.es/leicester-city/kader/verein/1003/saison_id/2019,Leicester City,32,,18.0,,411100000.0
Premier League,2019,https://www.transfermarkt.es/wolverhampton-wanderers/kader/verein/543/saison_id/2019,Wolverhampton Wanderers,44,,30.0,,320330000.0
Premier League,2019,https://www.transfermarkt.es/west-ham-united/kader/verein/379/saison_id/2019,West Ham United,38,,24.0,,303600000.0
Premier League,2019,https://www.transfermarkt.es/afc-bournemouth/kader/verein/989/saison_id/2019,AFC Bournemouth,39,,16.0,,272180000.0
Premier League,2019,https://www.transfermarkt.es/newcastle-united/kader/verein/762/saison_id/2019,Newcastle United,41,,22.0,,252480000.0
Premier League,2019,https://www.transfermarkt.es/aston-villa/kader/verein/405/saison_id/2019,Aston Villa,38,,22.0,,231700000.0
Premier League,2019,https://www.transfermarkt.es/southampton-fc/kader/verein/180/saison_id/2019,Southampton FC,36,,18.0,,210750000.0
Premier League,2019,https://www.transfermarkt.es/brighton-amp-hove-albion/kader/verein/1237/saison_id/2019,Brighton & Hove Albion,45,,28.0,,200780000.0
Premier League,2019,https://www.transfermarkt.es/watford-fc/kader/verein/1010/saison_id/2019,Watford FC,43,,27.0,,199600000.0
Premier League,2019,https://www.transfermarkt.es/crystal-palace/kader/verein/873/saison_id/2019,Crystal Palace,33,,18.0,,189330000.0
Premier League,2019,https://www.transfermarkt.es/burnley-fc/kader/verein/1132/saison_id/2019,Burnley FC,35,,12.0,,163880000.0
Premier League,2019,https://www.transfermarkt.es/norwich-city/kader/verein/1123/saison_id/2019,Norwich City,38,,25.0,,145400000.0
Premier League,2019,https://www.transfermarkt.es/sheffield-united/kader/verein/350/saison_id/2019,Sheffield United,34,,15.0,,138600000.0
Premier League,2020,https://www.transfermarkt.es/manchester-city/kader/verein/281/saison_id/2020,Manchester City,36,,23.0,,1040000000.0
Premier League,2020,https://www.transfermarkt.es/liverpool-fc/kader/verein/31/saison_id/2020,Liverpool FC,43,,28.0,,969650000.0
Premier League,2020,https://www.transfermarkt.es/chelsea-fc/kader/verein/631/saison_id/2020,Chelsea FC,39,,23.0,,889200000.0
Premier League,2020,https://www.transfermarkt.es/manchester-united/kader/verein/985/saison_id/2020,Manchester United,39,,24.0,,770050000.0
Premier League,2020,https://www.transfermarkt.es/tottenham-hotspur/kader/verein/148/saison_id/2020,Tottenham Hotspur,41,,23.0,,703500000.0
Premier League,2020,https://www.transfermarkt.es/arsenal-fc/kader/verein/11/saison_id/2020,Arsenal FC,42,,26.0,,619250000.0
Premier League,2020,https://www.transfermarkt.es/everton-fc/kader/verein/29/saison_id/2020,Everton FC,44,,26.0,,511200000.0
Premier League,2020,https://www.transfermarkt.es/leicester-city/kader/verein/1003/saison_id/2020,Leicester City,40,,26.0,,510700000.0
Premier League,2020,https://www.transfermarkt.es/wolverhampton-wanderers/kader/verein/543/saison_id/2020,Wolverhampton Wanderers,38,,32.0,,450300000.0
Premier League,2020,https://www.transfermarkt.es/aston-villa/kader/verein/405/saison_id/2020,Aston Villa,53,,24.0,,430750000.0
Premier League,2020,https://www.transfermarkt.es/west-ham-united/kader/verein/379/saison_id/2020,West Ham United,39,,23.0,,334900000.0
Premier League,2020,https://www.transfermarkt.es/brighton-amp-hove-albion/kader/verein/1237/saison_id/2020,Brighton & Hove Albion,46,,28.0,,290400000.0
Premier League,2020,https://www.transfermarkt.es/southampton-fc/kader/verein/180/saison_id/2020,Southampton FC,39,,19.0,,282800000.0
Premier League,2020,https://www.transfermarkt.es/newcastle-united/kader/verein/762/saison_id/2020,Newcastle United,33,,18.0,,255350000.0
Premier League,2020,https://www.transfermarkt.es/fulham-fc/kader/verein/931/saison_id/2020,Fulham FC,38,,29.0,,239750000.0
Premier League,2020,https://www.transfermarkt.es/leeds-united/kader/verein/399/saison_id/2020,Leeds United,39,,23.0,,238100000.0
Premier League,2020,https://www.transfermarkt.es/crystal-palace/kader/verein/873/saison_id/2020,Crystal Palace,36,,18.0,,193850000.0
Premier League,2020,https://www.transfermarkt.es/sheffield-united/kader/verein/350/saison_id/2020,Sheffield United,40,,14.0,,149850000.0
Premier League,2020,https://www.transfermarkt.es/west-bromwich-albion/kader/verein/984/saison_id/2020,West Bromwich Albion,43,,18.0,,141150000.0
Premier League,2020,https://www.transfermarkt.es/burnley-fc/kader/verein/1132/saison_id/2020,Burnley FC,32,,11.0,,132300000.0
Premier League,2021,https://www.transfermarkt.es/manchester-city/kader/verein/281/saison_id/2021,Manchester City,23,,16.0,,991300000.0
Premier League,2021,https://www.transfermarkt.es/liverpool-fc/kader/verein/31/saison_id/2021,Liverpool FC,27,,19.0,,889000000.0
Premier League,2021,https://www.transfermarkt.es/chelsea-fc/kader/verein/631/saison_id/2021,Chelsea FC,27,,19.0,,883000000.0
Premier League,2021,https://www.transfermarkt.es/manchester-united/kader/verein/985/saison_id/2021,Manchester United,26,,15.0,,790250000.0
Premier League,2021,https://www.transfermarkt.es/tottenham-hotspur/kader/verein/148/saison_id/2021,Tottenham Hotspur,22,,15.0,,580250000.0
Premier League,2021,https://www.transfermarkt.es/leicester-city/kader/verein/1003/saison_id/2021,Leicester City,27,,18.0,,513800000.0
Premier League,2021,https://www.transfermarkt.es/arsenal-fc/kader/verein/11/saison_id/2021,Arsenal FC,21,,14.0,,511000000.0
Premier League,2021,https://www.transfermarkt.es/everton-fc/kader/verein/29/saison_id/2021,Everton FC,30,,16.0,,463750000.0
Premier League,2021,https://www.transfermarkt.es/aston-villa/kader/verein/405/saison_id/2021,Aston Villa,21,,12.0,,426500000.0
Premier League,2021,https://www.transfermarkt.es/west-ham-united/kader/verein/379/saison_id/2021,West Ham United,24,,16.0,,350750000.0
Premier League,2021,https://www.transfermarkt.es/wolverhampton-wanderers/kader/verein/543/saison_id/2021,Wolverhampton Wanderers,25,,21.0,,338500000.0
Premier League,2021,https://www.transfermarkt.es/newcastle-united/kader/verein/762/saison_id/2021,Newcastle United,28,,15.0,,278400000.0
Premier League,2021,https://www.transfermarkt.es/leeds-united/kader/verein/399/saison_id/2021,Leeds United,24,,15.0,,265000000.0
Premier League,2021,https://www.transfermarkt.es/southampton-fc/kader/verein/180/saison_id/2021,Southampton FC,26,,15.0,,246750000.0
Premier League,2021,https://www.transfermarkt.es/crystal-palace/kader/verein/873/saison_id/2021,Crystal Palace,26,,14.0,,239950000.0
Premier League,2021,https://www.transfermarkt.es/brighton-amp-hove-albion/kader/verein/1237/saison_id/2021,Brighton & Hove Albion,23,,15.0,,239900000.0
Premier League,2021,https://www.transfermarkt.es/brentford-fc/kader/verein/1148/saison_id/2021,Brentford FC,25,,22.0,,218900000.0
Premier League,2021,https://www.transfermarkt.es/norwich-city/kader/verein/1123/saison_id/2021,Norwich City,25,,19.0,,155550000.0
Premier League,2021,https://www.transfermarkt.es/burnley-fc/kader/verein/1132/saison_id/2021,Burnley FC,24,,10.0,,145000000.0
Premier League,2021,https://www.transfermarkt.es/watford-fc/kader/verein/1010/saison_id/2021,Watford FC,30,,24.0,,143600000.0
La Liga,2018,https://www.transfermarkt.es/fc-barcelona/kader/verein/131/saison_id/2018,FC Barcelona,44,,22.0,,1200000000.0
La Liga,2018,https://www.transfermarkt.es/real-madrid-cf/kader/verein/418/saison_id/2018,Real Madrid CF,42,,20.0,,1030000000.0
La Liga,2018,https://www.transfermarkt.es/atletico-de-madrid/kader/verein/13/saison_id/2018,Atlético de Madrid,42,,22.0,,1000000000.0
La Liga,2018,https://www.transfermarkt.es/valencia-cf/kader/verein/1049/saison_id/2018,Valencia CF,36,,19.0,,513450000.00000006
La Liga,2018,https://www.transfermarkt.es/sevilla-fc/kader/verein/368/saison_id/2018,Sevilla FC,39,,21.0,,308300000.0
La Liga,2018,https://www.transfermarkt.es/real-betis-balompie/kader/verein/150/saison_id/2018,Real Betis Balompié,38,,17.0,,303500000.0
La Liga,2018,https://www.transfermarkt.es/real-sociedad/kader/verein/681/saison_id/2018,Real Sociedad,33,,9.0,,300950000.0
La Liga,2018,https://www.transfermarkt.es/villarreal-cf/kader/verein/1050/saison_id/2018,Villarreal CF,39,,17.0,,248950000.0
La Liga,2018,https://www.transfermarkt.es/athletic-club/kader/verein/621/saison_id/2018,Athletic Club,34,,2.0,,240250000.0
La Liga,2018,https://www.transfermarkt.es/rc-celta-de-vigo/kader/verein/940/saison_id/2018,RC Celta de Vigo,33,,21.0,,240100000.0
La Liga,2018,https://www.transfermarkt.es/rcd-espanyol/kader/verein/714/saison_id/2018,RCD Espanyol,32,,9.0,,195700000.0
La Liga,2018,https://www.transfermarkt.es/getafe-cf/kader/verein/3709/saison_id/2018,Getafe CF,33,,15.0,,135400000.0
La Liga,2018,https://www.transfermarkt.es/deportivo-alaves/kader/verein/1108/saison_id/2018,Deportivo Alavés,36,,12.0,,114100000.0
La Liga,2018,https://www.transfermarkt.es/cd-leganes/kader/verein/1244/saison_id/2018,CD Leganés,38,,19.0,,112450000.0
La Liga,2018,https://www.transfermarkt.es/levante-ud/kader/verein/3368/saison_id/2018,Levante UD,32,,11.0,,108550000.0
La Liga,2018,https://www.transfermarkt.es/girona-fc/kader/verein/12321/saison_id/2018,Girona FC,33,,12.0,,97250000.0
La Liga,2018,https://www.transfermarkt.es/sd-eibar/kader/verein/1533/saison_id/2018,SD Eibar,32,,8.0,,96100000.0
La Liga,2018,https://www.transfermarkt.es/rayo-vallecano/kader/verein/367/saison_id/2018,Rayo Vallecano,36,,13.0,,86700000.0
La Liga,2018,https://www.transfermarkt.es/real-valladolid-cf/kader/verein/366/saison_id/2018,Real Valladolid CF,41,,8.0,,83000000.0
La Liga,2018,https://www.transfermarkt.es/sd-huesca/kader/verein/5358/saison_id/2018,SD Huesca,39,,15.0,,61400000.0
La Liga,2019,https://www.transfermarkt.es/fc-barcelona/kader/verein/131/saison_id/2019,FC Barcelona,43,,25.0,,930930000.0
La Liga,2019,https://www.transfermarkt.es/real-madrid-cf/kader/verein/418/saison_id/2019,Real Madrid CF,33,,20.0,,913750000.0
La Liga,2019,https://www.transfermarkt.es/atletico-de-madrid/kader/verein/13/saison_id/2019,Atlético de Madrid,34,,17.0,,721350000.0
La Liga,2019,https://www.transfermarkt.es/valencia-cf/kader/verein/1049/saison_id/2019,Valencia CF,33,,17.0,,427800000.0
La Liga,2019,https://www.transfermarkt.es/real-sociedad/kader/verein/681/saison_id/2019,Real Sociedad,36,,8.0,,347550000.0
La Liga,2019,https://www.transfermarkt.es/sevilla-fc/kader/verein/368/saison_id/2019,Sevilla FC,35,,16.0,,294750000.0
La Liga,2019,https://www.transfermarkt.es/real-betis-balompie/kader/verein/150/saison_id/2019,Real Betis Balompié,38,,10.0,,244450000.0
La Liga,2019,https://www.transfermarkt.es/athletic-club/kader/verein/621/saison_id/2019,Athletic Club,32,,1.0,,211750000.0
La Liga,2019,https://www.transfermarkt.es/villarreal-cf/kader/verein/1050/saison_id/2019,Villarreal CF,33,,11.0,,208680000.0
La Liga,2019,https://www.transfermarkt.es/getafe-cf/kader/verein/3709/saison_id/2019,Getafe CF,33,,17.0,,175450000.0
La Liga,2019,https://www.transfermarkt.es/rc-celta-de-vigo/kader/verein/940/saison_id/2019,RC Celta de Vigo,35,,13.0,,167000000.0
La Liga,2019,https://www.transfermarkt.es/rcd-espanyol/kader/verein/714/saison_id/2019,RCD Espanyol,40,,12.0,,156050000.0
La Liga,2019,https://www.transfermarkt.es/cd-leganes/kader/verein/1244/saison_id/2019,CD Leganés,39,,16.0,,109700000.0
La Liga,2019,https://www.transfermarkt.es/deportivo-alaves/kader/verein/1108/saison_id/2019,Deportivo Alavés,37,,11.0,,106750000.0
La Liga,2019,https://www.transfermarkt.es/levante-ud/kader/verein/3368/saison_id/2019,Levante UD,33,,8.0,,90500000.0
La Liga,2019,https://www.transfermarkt.es/real-valladolid-cf/kader/verein/366/saison_id/2019,Real Valladolid CF,37,,9.0,,87780000.0
La Liga,2019,https://www.transfermarkt.es/rcd-mallorca/kader/verein/237/saison_id/2019,RCD Mallorca,35,,15.0,,64680000.00000001
La Liga,2019,https://www.transfermarkt.es/ca-osasuna/kader/verein/331/saison_id/2019,CA Osasuna,37,,4.0,,62780000.0
La Liga,2019,https://www.transfermarkt.es/granada-cf/kader/verein/16795/saison_id/2019,Granada CF,34,,13.0,,56580000.0
La Liga,2019,https://www.transfermarkt.es/sd-eibar/kader/verein/1533/saison_id/2019,SD Eibar,29,,11.0,,53750000.0
La Liga,2020,https://www.transfermarkt.es/fc-barcelona/kader/verein/131/saison_id/2020,FC Barcelona,33,,21.0,,817500000.0
La Liga,2020,https://www.transfermarkt.es/real-madrid-cf/kader/verein/418/saison_id/2020,Real Madrid CF,37,,17.0,,787300000.0
La Liga,2020,https://www.transfermarkt.es/atletico-de-madrid/kader/verein/13/saison_id/2020,Atlético de Madrid,39,,21.0,,773100000.0
La Liga,2020,https://www.transfermarkt.es/sevilla-fc/kader/verein/368/saison_id/2020,Sevilla FC,38,,17.0,,418250000.0
La Liga,2020,https://www.transfermarkt.es/real-sociedad/kader/verein/681/saison_id/2020,Real Sociedad,38,,6.0,,406600000.0
La Liga,2020,https://www.transfermarkt.es/villarreal-cf/kader/verein/1050/saison_id/2020,Villarreal CF,36,,13.0,,292600000.0
La Liga,2020,https://www.transfermarkt.es/valencia-cf/kader/verein/1049/saison_id/2020,Valencia CF,35,,20.0,,278850000.0
La Liga,2020,https://www.transfermarkt.es/real-betis-balompie/kader/verein/150/saison_id/2020,Real Betis Balompié,33,,12.0,,207700000.0
La Liga,2020,https://www.transfermarkt.es/athletic-club/kader/verein/621/saison_id/2020,Athletic Club,32,,1.0,,204150000.0
La Liga,2020,https://www.transfermarkt.es/getafe-cf/kader/verein/3709/saison_id/2020,Getafe CF,33,,19.0,,170100000.0
La Liga,2020,https://www.transfermarkt.es/rc-celta-de-vigo/kader/verein/940/saison_id/2020,RC Celta de Vigo,41,,12.0,,155850000.0
La Liga,2020,https://www.transfermarkt.es/granada-cf/kader/verein/16795/saison_id/2020,Granada CF,44,,17.0,,122650000.0
La Liga,2020,https://www.transfermarkt.es/levante-ud/kader/verein/3368/saison_id/2020,Levante UD,34,,10.0,,113000000.0
La Liga,2020,https://www.transfermarkt.es/ca-osasuna/kader/verein/331/saison_id/2020,CA Osasuna,36,,7.0,,96750000.0
La Liga,2020,https://www.transfermarkt.es/sd-eibar/kader/verein/1533/saison_id/2020,SD Eibar,34,,9.0,,83400000.0
La Liga,2020,https://www.transfermarkt.es/deportivo-alaves/kader/verein/1108/saison_id/2020,Deportivo Alavés,35,,10.0,,79800000.0
La Liga,2020,https://www.transfermarkt.es/sd-huesca/kader/verein/5358/saison_id/2020,SD Huesca,34,,8.0,,64099999.99999999
La Liga,2020,https://www.transfermarkt.es/real-valladolid-cf/kader/verein/366/saison_id/2020,Real Valladolid CF,39,,9.0,,63050000.0
La Liga,2020,https://www.transfermarkt.es/cadiz-cf/kader/verein/2687/saison_id/2020,Cádiz CF,41,,16.0,,47650000.0
La Liga,2020,https://www.transfermarkt.es/elche-cf/kader/verein/1531/saison_id/2020,Elche CF,42,,14.0,,45700000.0
La Liga,2021,https://www.transfermarkt.es/real-madrid-cf/kader/verein/418/saison_id/2021,Real Madrid CF,26,,18.0,,780000000.0
La Liga,2021,https://www.transfermarkt.es/fc-barcelona/kader/verein/131/saison_id/2021,FC Barcelona,30,,15.0,,650500000.0
La Liga,2021,https://www.transfermarkt.es/atletico-de-madrid/kader/verein/13/saison_id/2021,Atlético de Madrid,22,,19.0,,646500000.0
La Liga,2021,https://www.transfermarkt.es/sevilla-fc/kader/verein/368/saison_id/2021,Sevilla FC,26,,19.0,,424900000.0
La Liga,2021,https://www.transfermarkt.es/real-sociedad/kader/verein/681/saison_id/2021,Real Sociedad,27,,6.0,,395000000.0
La Liga,2021,https://www.transfermarkt.es/villarreal-cf/kader/verein/1050/saison_id/2021,Villarreal CF,27,,13.0,,367000000.0
La Liga,2021,https://www.transfermarkt.es/valencia-cf/kader/verein/1049/saison_id/2021,Valencia CF,24,,17.0,,298300000.0
La Liga,2021,https://www.transfermarkt.es/real-betis-balompie/kader/verein/150/saison_id/2021,Real Betis Balompié,27,,11.0,,230100000.0
La Liga,2021,https://www.transfermarkt.es/athletic-club/kader/verein/621/saison_id/2021,Athletic Club,25,,0.0,,190600000.0
La Liga,2021,https://www.transfermarkt.es/getafe-cf/kader/verein/3709/saison_id/2021,Getafe CF,25,,13.0,,150300000.0
La Liga,2021,https://www.transfermarkt.es/rc-celta-de-vigo/kader/verein/940/saison_id/2021,RC Celta de Vigo,21,,9.0,,124700000.0
La Liga,2021,https://www.transfermarkt.es/rcd-espanyol/kader/verein/714/saison_id/2021,RCD Espanyol,26,,6.0,,112500000.0
La Liga,2021,https://www.transfermarkt.es/ca-osasuna/kader/verein/331/saison_id/2021,CA Osasuna,24,,4.0,,87600000.0
La Liga,2021,https://www.transfermarkt.es/granada-cf/kader/verein/16795/saison_id/2021,Granada CF,29,,13.0,,86000000.0
La Liga,2021,https://www.transfermarkt.es/levante-ud/kader/verein/3368/saison_id/2021,Levante UD,26,,8.0,,82200000.0
La Liga,2021,https://www.transfermarkt.es/rcd-mallorca/kader/verein/237/saison_id/2021,RCD Mallorca,26,,12.0,,74500000.0
La Liga,2021,https://www.transfermarkt.es/deportivo-alaves/kader/verein/1108/saison_id/2021,Deportivo Alavés,25,,7.0,,66700000.0
La Liga,2021,https://www.transfermarkt.es/cadiz-cf/kader/verein/2687/saison_id/2021,Cádiz CF,28,,10.0,,62150000.0
La Liga,2021,https://www.transfermarkt.es/rayo-vallecano/kader/verein/367/saison_id/2021,Rayo Vallecano,23,,12.0,,57300000.0
La Liga,2021,https://www.transfermarkt.es/elche-cf/kader/verein/1531/saison_id/2021,Elche CF,24,,10.0,,48500000.0
Serie A,2018,https://www.transfermarkt.es/juventus-de-turin/kader/verein/506/saison_id/2018,Juventus de Turín,59,,25.0,,871050000.0
Serie A,2018,https://www.transfermarkt.es/ssc-napoles/kader/verein/6195/saison_id/2018,SSC Nápoles,54,,27.0,,646800000.0
Serie A,2018,https://www.transfermarkt.es/inter-de-milan/kader/verein/46/saison_id/2018,Inter de Milán,60,,30.0,,617930000.0
Serie A,2018,https://www.transfermarkt.es/ac-milan/kader/verein/5/saison_id/2018,AC Milan,45,,22.0,,578480000.0
Serie A,2018,https://www.transfermarkt.es/as-roma/kader/verein/12/saison_id/2018,AS Roma,57,,27.0,,459050000.0
Serie A,2018,https://www.transfermarkt.es/atalanta-de-bergamo/kader/verein/800/saison_id/2018,Atalanta de Bérgamo,88,,29.0,,367680000.0
Serie A,2018,https://www.transfermarkt.es/fiorentina/kader/verein/430/saison_id/2018,Fiorentina,56,,36.0,,315330000.0
Serie A,2018,https://www.transfermarkt.es/lazio/kader/verein/398/saison_id/2018,Lazio,57,,33.0,,291150000.0
Serie A,2018,https://www.transfermarkt.es/us-sassuolo/kader/verein/6574/saison_id/2018,US Sassuolo,59,,15.0,,242050000.0
Serie A,2018,https://www.transfermarkt.es/torino-fc/kader/verein/416/saison_id/2018,Torino FC,62,,29.0,,239230000.0
Serie A,2018,https://www.transfermarkt.es/uc-sampdoria/kader/verein/1038/saison_id/2018,UC Sampdoria,59,,30.0,,216750000.0
Serie A,2018,https://www.transfermarkt.es/udinese/kader/verein/410/saison_id/2018,Udinese,56,,41.0,,201200000.0
Serie A,2018,https://www.transfermarkt.es/genova/kader/verein/252/saison_id/2018,Génova,69,,35.0,,191730000.0
Serie A,2018,https://www.transfermarkt.es/cagliari/kader/verein/1390/saison_id/2018,Cagliari,49,,18.0,,155380000.0
Serie A,2018,https://www.transfermarkt.es/bolonia/kader/verein/1025/saison_id/2018,Bolonia,48,,27.0,,119680000.0
Serie A,2018,https://www.transfermarkt.es/empoli-fc/kader/verein/749/saison_id/2018,Empoli FC,59,,24.0,,105600000.0
Serie A,2018,https://www.transfermarkt.es/spal/kader/verein/2722/saison_id/2018,SPAL,51,,20.0,,97400000.0
Serie A,2018,https://www.transfermarkt.es/parma/kader/verein/130/saison_id/2018,Parma,70,,20.0,,95750000.0
Serie A,2018,https://www.transfermarkt.es/chievo-verona/kader/verein/862/saison_id/2018,Chievo Verona,68,,32.0,,54700000.0
Serie A,2018,https://www.transfermarkt.es/frosinone-calcio/kader/verein/8970/saison_id/2018,Frosinone Calcio,44,,10.0,,54530000.0
Serie A,2019,https://www.transfermarkt.es/juventus-de-turin/kader/verein/506/saison_id/2019,Juventus de Turín,38,,23.0,,661880000.0
Serie A,2019,https://www.transfermarkt.es/inter-de-milan/kader/verein/46/saison_id/2019,Inter de Milán,34,,18.0,,606050000.0
Serie A,2019,https://www.transfermarkt.es/ssc-napoles/kader/verein/6195/saison_id/2019,SSC Nápoles,33,,24.0,,548280000.0
Serie A,2019,https://www.transfermarkt.es/ac-milan/kader/verein/5/saison_id/2019,AC Milan,37,,22.0,,404330000.0
Serie A,2019,https://www.transfermarkt.es/as-roma/kader/verein/12/saison_id/2019,AS Roma,36,,23.0,,392730000.0
Serie A,2019,https://www.transfermarkt.es/lazio/kader/verein/398/saison_id/2019,Lazio,34,,24.0,,303880000.0
Serie A,2019,https://www.transfermarkt.es/fiorentina/kader/verein/430/saison_id/2019,Fiorentina,42,,28.0,,302230000.0
Serie A,2019,https://www.transfermarkt.es/atalanta-de-bergamo/kader/verein/800/saison_id/2019,Atalanta de Bérgamo,37,,26.0,,291430000.0
Serie A,2019,https://www.transfermarkt.es/us-sassuolo/kader/verein/6574/saison_id/2019,US Sassuolo,44,,17.0,,167980000.0
Serie A,2019,https://www.transfermarkt.es/cagliari/kader/verein/1390/saison_id/2019,Cagliari,41,,16.0,,167830000.0
Serie A,2019,https://www.transfermarkt.es/torino-fc/kader/verein/416/saison_id/2019,Torino FC,37,,17.0,,163550000.0
Serie A,2019,https://www.transfermarkt.es/genova/kader/verein/252/saison_id/2019,Génova,43,,25.0,,142380000.0
Serie A,2019,https://www.transfermarkt.es/uc-sampdoria/kader/verein/1038/saison_id/2019,UC Sampdoria,38,,19.0,,135280000.0
Serie A,2019,https://www.transfermarkt.es/bolonia/kader/verein/1025/saison_id/2019,Bolonia,40,,26.0,,129650000.0
Serie A,2019,https://www.transfermarkt.es/parma/kader/verein/130/saison_id/2019,Parma,40,,19.0,,128750000.0
Serie A,2019,https://www.transfermarkt.es/udinese/kader/verein/410/saison_id/2019,Udinese,39,,28.0,,121080000.0
Serie A,2019,https://www.transfermarkt.es/hellas-verona/kader/verein/276/saison_id/2019,Hellas Verona,40,,19.0,,112530000.0
Serie A,2019,https://www.transfermarkt.es/brescia-calcio/kader/verein/19/saison_id/2019,Brescia Calcio,33,,10.0,,83230000.0
Serie A,2019,https://www.transfermarkt.es/spal/kader/verein/2722/saison_id/2019,SPAL,42,,23.0,,73630000.0
Serie A,2019,https://www.transfermarkt.es/us-lecce/kader/verein/1005/saison_id/2019,US Lecce,47,,17.0,,52330000.0
Serie A,2020,https://www.transfermarkt.es/inter-de-milan/kader/verein/46/saison_id/2020,Inter de Milán,41,,21.0,,663900000.0
Serie A,2020,https://www.transfermarkt.es/juventus-de-turin/kader/verein/506/saison_id/2020,Juventus de Turín,45,,26.0,,633300000.0
Serie A,2020,https://www.transfermarkt.es/ac-milan/kader/verein/5/saison_id/2020,AC Milan,42,,27.0,,547780000.0
Serie A,2020,https://www.transfermarkt.es/ssc-napoles/kader/verein/6195/saison_id/2020,SSC Nápoles,32,,21.0,,530200000.00000006
Serie A,2020,https://www.transfermarkt.es/atalanta-de-bergamo/kader/verein/800/saison_id/2020,Atalanta de Bérgamo,39,,21.0,,430000000.0
Serie A,2020,https://www.transfermarkt.es/as-roma/kader/verein/12/saison_id/2020,AS Roma,46,,28.0,,395650000.0
Serie A,2020,https://www.transfermarkt.es/lazio/kader/verein/398/saison_id/2020,Lazio,44,,32.0,,326330000.0
Serie A,2020,https://www.transfermarkt.es/fiorentina/kader/verein/430/saison_id/2020,Fiorentina,41,,24.0,,286800000.0
Serie A,2020,https://www.transfermarkt.es/us-sassuolo/kader/verein/6574/saison_id/2020,US Sassuolo,39,,18.0,,241740000.0
Serie A,2020,https://www.transfermarkt.es/cagliari/kader/verein/1390/saison_id/2020,Cagliari,42,,19.0,,187830000.0
Serie A,2020,https://www.transfermarkt.es/torino-fc/kader/verein/416/saison_id/2020,Torino FC,40,,22.0,,175280000.0
Serie A,2020,https://www.transfermarkt.es/udinese/kader/verein/410/saison_id/2020,Udinese,42,,30.0,,173000000.0
Serie A,2020,https://www.transfermarkt.es/hellas-verona/kader/verein/276/saison_id/2020,Hellas Verona,46,,20.0,,157210000.0
Serie A,2020,https://www.transfermarkt.es/bolonia/kader/verein/1025/saison_id/2020,Bolonia,45,,27.0,,153600000.0
Serie A,2020,https://www.transfermarkt.es/parma/kader/verein/130/saison_id/2020,Parma,53,,30.0,,128700000.0
Serie A,2020,https://www.transfermarkt.es/uc-sampdoria/kader/verein/1038/saison_id/2020,UC Sampdoria,34,,17.0,,127180000.0
Serie A,2020,https://www.transfermarkt.es/genova/kader/verein/252/saison_id/2020,Génova,44,,23.0,,111930000.0
Serie A,2020,https://www.transfermarkt.es/spezia/kader/verein/3522/saison_id/2020,Spezia,39,,17.0,,71680000.0
Serie A,2020,https://www.transfermarkt.es/fc-crotone/kader/verein/4083/saison_id/2020,FC Crotone,41,,19.0,,52750000.0
Serie A,2020,https://www.transfermarkt.es/benevento/kader/verein/4171/saison_id/2020,Benevento,36,,14.0,,50130000.0
Serie A,2021,https://www.transfermarkt.es/juventus-de-turin/kader/verein/506/saison_id/2021,Juventus de Turín,24,,13.0,,566400000.0
Serie A,2021,https://www.transfermarkt.es/inter-de-milan/kader/verein/46/saison_id/2021,Inter de Milán,25,,17.0,,550900000.0
Serie A,2021,https://www.transfermarkt.es/ssc-napoles/kader/verein/6195/saison_id/2021,SSC Nápoles,25,,18.0,,505850000.0
Serie A,2021,https://www.transfermarkt.es/ac-milan/kader/verein/5/saison_id/2021,AC Milan,27,,20.0,,466600000.0
Serie A,2021,https://www.transfermarkt.es/as-roma/kader/verein/12/saison_id/2021,AS Roma,28,,18.0,,390650000.0
Serie A,2021,https://www.transfermarkt.es/atalanta-de-bergamo/kader/verein/800/saison_id/2021,Atalanta de Bérgamo,25,,18.0,,379900000.0
Serie A,2021,https://www.transfermarkt.es/lazio/kader/verein/398/saison_id/2021,Lazio,26,,19.0,,267450000.0
Serie A,2021,https://www.transfermarkt.es/fiorentina/kader/verein/430/saison_id/2021,Fiorentina,25,,17.0,,232400000.0
Serie A,2021,https://www.transfermarkt.es/torino-fc/kader/verein/416/saison_id/2021,Torino FC,29,,19.0,,205680000.0
Serie A,2021,https://www.transfermarkt.es/us-sassuolo/kader/verein/6574/saison_id/2021,US Sassuolo,29,,16.0,,205600000.0
Serie A,2021,https://www.transfermarkt.es/bolonia/kader/verein/1025/saison_id/2021,Bolonia,29,,20.0,,142750000.0
Serie A,2021,https://www.transfermarkt.es/cagliari/kader/verein/1390/saison_id/2021,Cagliari,27,,12.0,,129500000.0
Serie A,2021,https://www.transfermarkt.es/hellas-verona/kader/verein/276/saison_id/2021,Hellas Verona,25,,13.0,,116530000.0
Serie A,2021,https://www.transfermarkt.es/genova/kader/verein/252/saison_id/2021,Génova,31,,16.0,,108200000.0
Serie A,2021,https://www.transfermarkt.es/uc-sampdoria/kader/verein/1038/saison_id/2021,UC Sampdoria,26,,11.0,,103300000.0
Serie A,2021,https://www.transfermarkt.es/udinese/kader/verein/410/saison_id/2021,Udinese,26,,20.0,,103250000.0
Serie A,2021,https://www.transfermarkt.es/venezia-fc/kader/verein/607/saison_id/2021,Venezia FC,31,,22.0,,87980000.0
Serie A,2021,https://www.transfermarkt.es/fc-empoli/kader/verein/749/saison_id/2021,FC Empoli,28,,11.0,,86600000.0
Serie A,2021,https://www.transfermarkt.es/spezia/kader/verein/3522/saison_id/2021,Spezia,31,,22.0,,70000000.0
Serie A,2021,https://www.transfermarkt.es/us-salernitana-1919/kader/verein/380/saison_id/2021,US Salernitana 1919,36,,21.0,,55850000.0
1. Bundesliga,2018,https://www.transfermarkt.es/bayern-munich/kader/verein/27/saison_id/2018,Bayern Múnich,32,,15.0,,784880000.0
1. Bundesliga,2018,https://www.transfermarkt.es/borussia-dortmund/kader/verein/16/saison_id/2018,Borussia Dortmund,34,,19.0,,643250000.0
1. Bundesliga,2018,https://www.transfermarkt.es/rasenballsport-leipzig/kader/verein/23826/saison_id/2018,RasenBallsport Leipzig,34,,22.0,,479000000.0
1. Bundesliga,2018,https://www.transfermarkt.es/bayer-04-leverkusen/kader/verein/15/saison_id/2018,Bayer 04 Leverkusen,31,,16.0,,429400000.0
1. Bundesliga,2018,https://www.transfermarkt.es/tsg-1899-hoffenheim/kader/verein/533/saison_id/2018,TSG 1899 Hoffenheim,38,,22.0,,336250000.0
1. Bundesliga,2018,https://www.transfermarkt.es/eintracht-francfort/kader/verein/24/saison_id/2018,Eintracht Fráncfort,47,,29.0,,313400000.0
1. Bundesliga,2018,https://www.transfermarkt.es/borussia-monchengladbach/kader/verein/18/saison_id/2018,Borussia Mönchengladbach,30,,17.0,,264300000.0
1. Bundesliga,2018,https://www.transfermarkt.es/vfl-wolfsburgo/kader/verein/82/saison_id/2018,VfL Wolfsburgo,36,,21.0,,229250000.0
1. Bundesliga,2018,https://www.transfermarkt.es/fc-schalke-04/kader/verein/33/saison_id/2018,FC Schalke 04,39,,24.0,,221300000.0
1. Bundesliga,2018,https://www.transfermarkt.es/hertha-berlin/kader/verein/44/saison_id/2018,Hertha Berlín,36,,19.0,,207630000.0
1. Bundesliga,2018,https://www.transfermarkt.es/sv-werder-bremen/kader/verein/86/saison_id/2018,SV Werder Bremen,33,,18.0,,168050000.0
1. Bundesliga,2018,https://www.transfermarkt.es/1-fsv-mainz-05/kader/verein/39/saison_id/2018,1.FSV Mainz 05,35,,20.0,,159730000.0
1. Bundesliga,2018,https://www.transfermarkt.es/vfb-stuttgart/kader/verein/79/saison_id/2018,VfB Stuttgart,34,,17.0,,143750000.0
1. Bundesliga,2018,https://www.transfermarkt.es/fc-augsburgo/kader/verein/167/saison_id/2018,FC Augsburgo,40,,18.0,,139250000.0
1. Bundesliga,2018,https://www.transfermarkt.es/sc-friburgo/kader/verein/60/saison_id/2018,SC Friburgo,34,,9.0,,122100000.0
1. Bundesliga,2018,https://www.transfermarkt.es/fortuna-dusseldorf/kader/verein/38/saison_id/2018,Fortuna Düsseldorf,34,,16.0,,94950000.0
1. Bundesliga,2018,https://www.transfermarkt.es/hannover-96/kader/verein/42/saison_id/2018,Hannover 96,37,,18.0,,91430000.0
1. Bundesliga,2018,https://www.transfermarkt.es/1-fc-nurnberg/kader/verein/4/saison_id/2018,1.FC Nürnberg,29,,11.0,,54400000.0
1. Bundesliga,2019,https://www.transfermarkt.es/bayern-munich/kader/verein/27/saison_id/2019,Bayern Múnich,38,,20.0,,777330000.0
1. Bundesliga,2019,https://www.transfermarkt.es/borussia-dortmund/kader/verein/16/saison_id/2019,Borussia Dortmund,37,,19.0,,654050000.0
1. Bundesliga,2019,https://www.transfermarkt.es/rasenballsport-leipzig/kader/verein/23826/saison_id/2019,RasenBallsport Leipzig,38,,26.0,,570480000.0
1. Bundesliga,2019,https://www.transfermarkt.es/bayer-04-leverkusen/kader/verein/15/saison_id/2019,Bayer 04 Leverkusen,29,,18.0,,398950000.0
1. Bundesliga,2019,https://www.transfermarkt.es/borussia-monchengladbach/kader/verein/18/saison_id/2019,Borussia Mönchengladbach,34,,19.0,,254700000.0
1. Bundesliga,2019,https://www.transfermarkt.es/tsg-1899-hoffenheim/kader/verein/533/saison_id/2019,TSG 1899 Hoffenheim,37,,25.0,,226050000.0
1. Bundesliga,2019,https://www.transfermarkt.es/fc-schalke-04/kader/verein/33/saison_id/2019,FC Schalke 04,33,,20.0,,221580000.0
1. Bundesliga,2019,https://www.transfermarkt.es/hertha-berlin/kader/verein/44/saison_id/2019,Hertha Berlín,42,,20.0,,217200000.0
1. Bundesliga,2019,https://www.transfermarkt.es/eintracht-francfort/kader/verein/24/saison_id/2019,Eintracht Fráncfort,35,,23.0,,208980000.0
1. Bundesliga,2019,https://www.transfermarkt.es/vfl-wolfsburgo/kader/verein/82/saison_id/2019,VfL Wolfsburgo,38,,23.0,,207600000.0
1. Bundesliga,2019,https://www.transfermarkt.es/sv-werder-bremen/kader/verein/86/saison_id/2019,SV Werder Bremen,36,,18.0,,135130000.0
1. Bundesliga,2019,https://www.transfermarkt.es/sc-friburgo/kader/verein/60/saison_id/2019,SC Friburgo,30,,10.0,,122650000.0
1. Bundesliga,2019,https://www.transfermarkt.es/1-fsv-mainz-05/kader/verein/39/saison_id/2019,1.FSV Mainz 05,35,,19.0,,121580000.0
1. Bundesliga,2019,https://www.transfermarkt.es/fc-augsburgo/kader/verein/167/saison_id/2019,FC Augsburgo,37,,17.0,,112950000.0
1. Bundesliga,2019,https://www.transfermarkt.es/fc-colonia/kader/verein/3/saison_id/2019,FC Colonia,35,,12.0,,98480000.0
1. Bundesliga,2019,https://www.transfermarkt.es/fortuna-dusseldorf/kader/verein/38/saison_id/2019,Fortuna Düsseldorf,37,,16.0,,71780000.0
1. Bundesliga,2019,https://www.transfermarkt.es/1-fc-union-berlin/kader/verein/89/saison_id/2019,1.FC Unión Berlín,34,,11.0,,41200000.0
1. Bundesliga,2019,https://www.transfermarkt.es/sc-paderborn-07/kader/verein/127/saison_id/2019,SC Paderborn 07,32,,14.0,,28900000.0
1. Bundesliga,2020,https://www.transfermarkt.es/bayern-munich/kader/verein/27/saison_id/2020,Bayern Múnich,45,,21.0,,858230000.0
1. Bundesliga,2020,https://www.transfermarkt.es/borussia-dortmund/kader/verein/16/saison_id/2020,Borussia Dortmund,32,,16.0,,628400000.0
1. Bundesliga,2020,https://www.transfermarkt.es/rasenballsport-leipzig/kader/verein/23826/saison_id/2020,RasenBallsport Leipzig,32,,22.0,,574950000.0
1. Bundesliga,2020,https://www.transfermarkt.es/bayer-04-leverkusen/kader/verein/15/saison_id/2020,Bayer 04 Leverkusen,33,,21.0,,373250000.0
1. Bundesliga,2020,https://www.transfermarkt.es/borussia-monchengladbach/kader/verein/18/saison_id/2020,Borussia Mönchengladbach,33,,19.0,,300750000.0
1. Bundesliga,2020,https://www.transfermarkt.es/eintracht-francfort/kader/verein/24/saison_id/2020,Eintracht Fráncfort,36,,24.0,,269150000.0
1. Bundesliga,2020,https://www.transfermarkt.es/vfl-wolfsburgo/kader/verein/82/saison_id/2020,VfL Wolfsburgo,30,,20.0,,256830000.0
1. Bundesliga,2020,https://www.transfermarkt.es/hertha-berlin/kader/verein/44/saison_id/2020,Hertha Berlín,38,,21.0,,228880000.0
1. Bundesliga,2020,https://www.transfermarkt.es/tsg-1899-hoffenheim/kader/verein/533/saison_id/2020,TSG 1899 Hoffenheim,37,,25.0,,228150000.0
1. Bundesliga,2020,https://www.transfermarkt.es/vfb-stuttgart/kader/verein/79/saison_id/2020,VfB Stuttgart,32,,16.0,,189250000.0
1. Bundesliga,2020,https://www.transfermarkt.es/1-fsv-mainz-05/kader/verein/39/saison_id/2020,1.FSV Mainz 05,36,,18.0,,163300000.0
1. Bundesliga,2020,https://www.transfermarkt.es/sc-friburgo/kader/verein/60/saison_id/2020,SC Friburgo,30,,13.0,,139100000.0
1. Bundesliga,2020,https://www.transfermarkt.es/fc-schalke-04/kader/verein/33/saison_id/2020,FC Schalke 04,45,,26.0,,123050000.0
1. Bundesliga,2020,https://www.transfermarkt.es/fc-colonia/kader/verein/3/saison_id/2020,FC Colonia,36,,15.0,,118200000.0
1. Bundesliga,2020,https://www.transfermarkt.es/sv-werder-bremen/kader/verein/86/saison_id/2020,SV Werder Bremen,33,,15.0,,111980000.0
1. Bundesliga,2020,https://www.transfermarkt.es/fc-augsburgo/kader/verein/167/saison_id/2020,FC Augsburgo,31,,18.0,,93050000.0
1. Bundesliga,2020,https://www.transfermarkt.es/1-fc-union-berlin/kader/verein/89/saison_id/2020,1.FC Unión Berlín,33,,10.0,,82050000.0
1. Bundesliga,2020,https://www.transfermarkt.es/arminia-bielefeld/kader/verein/10/saison_id/2020,Arminia Bielefeld,33,,16.0,,56730000.0
1. Bundesliga,2021,https://www.transfermarkt.es/bayern-munich/kader/verein/27/saison_id/2021,Bayern Múnich,27,,14.0,,815750000.0
1. Bundesliga,2021,https://www.transfermarkt.es/borussia-dortmund/kader/verein/16/saison_id/2021,Borussia Dortmund,31,,18.0,,576300000.0
1. Bundesliga,2021,https://www.transfermarkt.es/rasenballsport-leipzig/kader/verein/23826/saison_id/2021,RasenBallsport Leipzig,26,,19.0,,454000000.0
1. Bundesliga,2021,https://www.transfermarkt.es/bayer-04-leverkusen/kader/verein/15/saison_id/2021,Bayer 04 Leverkusen,27,,20.0,,417450000.0
1. Bundesliga,2021,https://www.transfermarkt.es/vfl-wolfsburgo/kader/verein/82/saison_id/2021,VfL Wolfsburgo,28,,18.0,,254400000.0
1. Bundesliga,2021,https://www.transfermarkt.es/borussia-monchengladbach/kader/verein/18/saison_id/2021,Borussia Mönchengladbach,26,,13.0,,237300000.0
1. Bundesliga,2021,https://www.transfermarkt.es/eintracht-francfort/kader/verein/24/saison_id/2021,Eintracht Fráncfort,32,,20.0,,199800000.0
1. Bundesliga,2021,https://www.transfermarkt.es/tsg-1899-hoffenheim/kader/verein/533/saison_id/2021,TSG 1899 Hoffenheim,30,,17.0,,197450000.0
1. Bundesliga,2021,https://www.transfermarkt.es/vfb-stuttgart/kader/verein/79/saison_id/2021,VfB Stuttgart,31,,18.0,,182100000.0
1. Bundesliga,2021,https://www.transfermarkt.es/sc-friburgo/kader/verein/60/saison_id/2021,SC Friburgo,26,,10.0,,146750000.0
1. Bundesliga,2021,https://www.transfermarkt.es/1-fsv-mainz-05/kader/verein/39/saison_id/2021,1.FSV Mainz 05,25,,13.0,,122050000.0
1. Bundesliga,2021,https://www.transfermarkt.es/hertha-berlin/kader/verein/44/saison_id/2021,Hertha Berlín,30,,16.0,,106430000.0
1. Bundesliga,2021,https://www.transfermarkt.es/fc-augsburgo/kader/verein/167/saison_id/2021,FC Augsburgo,28,,17.0,,98800000.0
1. Bundesliga,2021,https://www.transfermarkt.es/fc-colonia/kader/verein/3/saison_id/2021,FC Colonia,28,,10.0,,75510000.0
1. Bundesliga,2021,https://www.transfermarkt.es/1-fc-union-berlin/kader/verein/89/saison_id/2021,1.FC Unión Berlín,27,,11.0,,71600000.0
1. Bundesliga,2021,https://www.transfermarkt.es/arminia-bielefeld/kader/verein/10/saison_id/2021,Arminia Bielefeld,25,,16.0,,55750000.0
1. Bundesliga,2021,https://www.transfermarkt.es/vfl-bochum/kader/verein/80/saison_id/2021,VfL Bochum,29,,12.0,,41850000.0
1. Bundesliga,2021,https://www.transfermarkt.es/spvgg-greuther-furth/kader/verein/65/saison_id/2021,SpVgg Greuther Fürth,27,,10.0,,29800000.0
Ligue 1,2018,https://www.transfermarkt.es/paris-saint-germain-fc/kader/verein/583/saison_id/2018,París Saint-Germain FC,39,,22.0,,1010000000.0
Ligue 1,2018,https://www.transfermarkt.es/olympique-de-lyon/kader/verein/1041/saison_id/2018,Olympique de Lyon,34,,15.0,,467950000.0
Ligue 1,2018,https://www.transfermarkt.es/as-monaco/kader/verein/162/saison_id/2018,AS Mónaco,57,,33.0,,385830000.0
Ligue 1,2018,https://www.transfermarkt.es/losc-lille-metropole/kader/verein/1082/saison_id/2018,LOSC Lille Métropole,32,,24.0,,267550000.0
Ligue 1,2018,https://www.transfermarkt.es/olympique-de-marsella/kader/verein/244/saison_id/2018,Olympique de Marsella,33,,16.0,,258350000.00000003
Ligue 1,2018,https://www.transfermarkt.es/ogc-niza/kader/verein/417/saison_id/2018,OGC Niza,38,,16.0,,183200000.0
Ligue 1,2018,https://www.transfermarkt.es/fc-girondins-de-burdeos/kader/verein/40/saison_id/2018,FC Girondins de Burdeos,43,,23.0,,179000000.0
Ligue 1,2018,https://www.transfermarkt.es/stade-rennais-fc/kader/verein/273/saison_id/2018,Stade Rennais FC,41,,17.0,,168450000.0
Ligue 1,2018,https://www.transfermarkt.es/as-saint-etienne/kader/verein/618/saison_id/2018,AS Saint-Étienne,42,,16.0,,131250000.0
Ligue 1,2018,https://www.transfermarkt.es/fc-nantes/kader/verein/995/saison_id/2018,FC Nantes,40,,27.0,,119500000.0
Ligue 1,2018,https://www.transfermarkt.es/toulouse-fc/kader/verein/415/saison_id/2018,Toulouse FC,40,,19.0,,113250000.0
Ligue 1,2018,https://www.transfermarkt.es/montpellier-hsc/kader/verein/969/saison_id/2018,Montpellier HSC,32,,15.0,,109850000.0
Ligue 1,2018,https://www.transfermarkt.es/racing-club-de-estrasburgo/kader/verein/667/saison_id/2018,Racing Club de Estrasburgo,33,,14.0,,98000000.0
Ligue 1,2018,https://www.transfermarkt.es/nimes-olympique/kader/verein/1160/saison_id/2018,Nîmes Olympique,31,,14.0,,88150000.0
Ligue 1,2018,https://www.transfermarkt.es/stade-reims/kader/verein/1421/saison_id/2018,Stade Reims,37,,22.0,,86950000.0
Ligue 1,2018,https://www.transfermarkt.es/sco-angers/kader/verein/1420/saison_id/2018,SCO Angers,38,,16.0,,79700000.0
Ligue 1,2018,https://www.transfermarkt.es/ea-guingamp/kader/verein/855/saison_id/2018,EA Guingamp,37,,15.0,,70650000.0
Ligue 1,2018,https://www.transfermarkt.es/amiens-sc/kader/verein/1416/saison_id/2018,Amiens SC,36,,16.0,,70500000.0
Ligue 1,2018,https://www.transfermarkt.es/sm-caen/kader/verein/1162/saison_id/2018,SM Caen,39,,20.0,,67550000.0
Ligue 1,2018,https://www.transfermarkt.es/dijon-fco/kader/verein/2969/saison_id/2018,Dijon FCO,32,,18.0,,65800000.0
Ligue 1,2019,https://www.transfermarkt.es/paris-saint-germain-fc/kader/verein/583/saison_id/2019,París Saint-Germain FC,35,,24.0,,874150000.0
Ligue 1,2019,https://www.transfermarkt.es/olympique-de-lyon/kader/verein/1041/saison_id/2019,Olympique de Lyon,33,,20.0,,384550000.0
Ligue 1,2019,https://www.transfermarkt.es/as-monaco/kader/verein/162/saison_id/2019,AS Mónaco,39,,27.0,,331030000.0
Ligue 1,2019,https://www.transfermarkt.es/losc-lille-metropole/kader/verein/1082/saison_id/2019,LOSC Lille Métropole,31,,21.0,,247780000.0
Ligue 1,2019,https://www.transfermarkt.es/olympique-de-marsella/kader/verein/244/saison_id/2019,Olympique de Marsella,34,,11.0,,216150000.0
Ligue 1,2019,https://www.transfermarkt.es/ogc-niza/kader/verein/417/saison_id/2019,OGC Niza,37,,17.0,,173450000.0
Ligue 1,2019,https://www.transfermarkt.es/stade-rennais-fc/kader/verein/273/saison_id/2019,Stade Rennais FC,33,,16.0,,171880000.0
Ligue 1,2019,https://www.transfermarkt.es/fc-girondins-de-burdeos/kader/verein/40/saison_id/2019,FC Girondins de Burdeos,31,,19.0,,125350000.0
Ligue 1,2019,https://www.transfermarkt.es/fc-nantes/kader/verein/995/saison_id/2019,FC Nantes,35,,19.0,,106300000.0
Ligue 1,2019,https://www.transfermarkt.es/as-saint-etienne/kader/verein/618/saison_id/2019,AS Saint-Étienne,41,,14.0,,104830000.0
Ligue 1,2019,https://www.transfermarkt.es/racing-club-de-estrasburgo/kader/verein/667/saison_id/2019,Racing Club de Estrasburgo,31,,14.0,,91380000.0
Ligue 1,2019,https://www.transfermarkt.es/sco-angers/kader/verein/1420/saison_id/2019,SCO Angers,31,,12.0,,89480000.0
Ligue 1,2019,https://www.transfermarkt.es/montpellier-hsc/kader/verein/969/saison_id/2019,Montpellier HSC,30,,14.0,,81680000.0
Ligue 1,2019,https://www.transfermarkt.es/stade-reims/kader/verein/1421/saison_id/2019,Stade Reims,31,,20.0,,81680000.0
Ligue 1,2019,https://www.transfermarkt.es/toulouse-fc/kader/verein/415/saison_id/2019,Toulouse FC,35,,12.0,,71880000.0
Ligue 1,2019,https://www.transfermarkt.es/amiens-sc/kader/verein/1416/saison_id/2019,Amiens SC,37,,19.0,,62080000.0
Ligue 1,2019,https://www.transfermarkt.es/fc-metz/kader/verein/347/saison_id/2019,FC Metz,32,,20.0,,54100000.0
Ligue 1,2019,https://www.transfermarkt.es/dijon-fco/kader/verein/2969/saison_id/2019,Dijon FCO,31,,19.0,,50230000.0
Ligue 1,2019,https://www.transfermarkt.es/nimes-olympique/kader/verein/1160/saison_id/2019,Nîmes Olympique,35,,12.0,,49650000.0
Ligue 1,2019,https://www.transfermarkt.es/stade-brestois-29/kader/verein/3911/saison_id/2019,Stade Brestois 29,28,,8.0,,47780000.0
Ligue 1,2020,https://www.transfermarkt.es/paris-saint-germain-fc/kader/verein/583/saison_id/2020,París Saint-Germain FC,41,,29.0,,805000000.0
Ligue 1,2020,https://www.transfermarkt.es/olympique-de-lyon/kader/verein/1041/saison_id/2020,Olympique de Lyon,40,,28.0,,431400000.0
Ligue 1,2020,https://www.transfermarkt.es/as-monaco/kader/verein/162/saison_id/2020,AS Mónaco,33,,18.0,,370350000.0
Ligue 1,2020,https://www.transfermarkt.es/losc-lille-metropole/kader/verein/1082/saison_id/2020,LOSC Lille Métropole,32,,20.0,,323200000.0
Ligue 1,2020,https://www.transfermarkt.es/stade-rennais-fc/kader/verein/273/saison_id/2020,Stade Rennais FC,37,,12.0,,297500000.0
Ligue 1,2020,https://www.transfermarkt.es/olympique-de-marsella/kader/verein/244/saison_id/2020,Olympique de Marsella,43,,18.0,,251400000.0
Ligue 1,2020,https://www.transfermarkt.es/ogc-niza/kader/verein/417/saison_id/2020,OGC Niza,41,,16.0,,236100000.0
Ligue 1,2020,https://www.transfermarkt.es/as-saint-etienne/kader/verein/618/saison_id/2020,AS Saint-Étienne,43,,15.0,,154650000.0
Ligue 1,2020,https://www.transfermarkt.es/montpellier-hsc/kader/verein/969/saison_id/2020,Montpellier HSC,34,,13.0,,113850000.0
Ligue 1,2020,https://www.transfermarkt.es/sco-angers/kader/verein/1420/saison_id/2020,SCO Angers,38,,16.0,,111650000.0
Ligue 1,2020,https://www.transfermarkt.es/racing-club-de-estrasburgo/kader/verein/667/saison_id/2020,Racing Club de Estrasburgo,34,,18.0,,109650000.0
Ligue 1,2020,https://www.transfermarkt.es/fc-girondins-de-burdeos/kader/verein/40/saison_id/2020,FC Girondins de Burdeos,36,,18.0,,105700000.0
Ligue 1,2020,https://www.transfermarkt.es/stade-reims/kader/verein/1421/saison_id/2020,Stade Reims,34,,25.0,,105180000.0
Ligue 1,2020,https://www.transfermarkt.es/rc-lens/kader/verein/826/saison_id/2020,RC Lens,36,,16.0,,104300000.0
Ligue 1,2020,https://www.transfermarkt.es/fc-metz/kader/verein/347/saison_id/2020,FC Metz,35,,24.0,,103500000.0
Ligue 1,2020,https://www.transfermarkt.es/stade-brestois-29/kader/verein/3911/saison_id/2020,Stade Brestois 29,32,,9.0,,103230000.0
Ligue 1,2020,https://www.transfermarkt.es/fc-nantes/kader/verein/995/saison_id/2020,FC Nantes,32,,15.0,,95080000.0
Ligue 1,2020,https://www.transfermarkt.es/fc-lorient/kader/verein/1158/saison_id/2020,FC Lorient,34,,14.0,,73530000.0
Ligue 1,2020,https://www.transfermarkt.es/dijon-fco/kader/verein/2969/saison_id/2020,Dijon FCO,37,,25.0,,65629999.99999999
Ligue 1,2020,https://www.transfermarkt.es/nimes-olympique/kader/verein/1160/saison_id/2020,Nîmes Olympique,36,,18.0,,60400000.0
Ligue 1,2021,https://www.transfermarkt.es/paris-saint-germain-fc/kader/verein/583/saison_id/2021,París Saint-Germain FC,36,,24.0,,909550000.0
Ligue 1,2021,https://www.transfermarkt.es/as-monaco/kader/verein/162/saison_id/2021,AS Mónaco,28,,16.0,,352200000.0
Ligue 1,2021,https://www.transfermarkt.es/olympique-de-lyon/kader/verein/1041/saison_id/2021,Olympique de Lyon,26,,14.0,,316050000.0
Ligue 1,2021,https://www.transfermarkt.es/olympique-de-marsella/kader/verein/244/saison_id/2021,Olympique de Marsella,28,,17.0,,250350000.0
Ligue 1,2021,https://www.transfermarkt.es/losc-lille-metropole/kader/verein/1082/saison_id/2021,LOSC Lille Métropole,22,,17.0,,239300000.0
Ligue 1,2021,https://www.transfermarkt.es/ogc-niza/kader/verein/417/saison_id/2021,OGC Niza,27,,17.0,,237950000.0
Ligue 1,2021,https://www.transfermarkt.es/stade-rennais-fc/kader/verein/273/saison_id/2021,Stade Rennais FC,26,,9.0,,216900000.0
Ligue 1,2021,https://www.transfermarkt.es/rc-lens/kader/verein/826/saison_id/2021,RC Lens,25,,15.0,,113700000.0
Ligue 1,2021,https://www.transfermarkt.es/as-saint-etienne/kader/verein/618/saison_id/2021,AS Saint-Étienne,30,,14.0,,106900000.0
Ligue 1,2021,https://www.transfermarkt.es/stade-reims/kader/verein/1421/saison_id/2021,Stade Reims,27,,20.0,,99000000.0
Ligue 1,2021,https://www.transfermarkt.es/montpellier-hsc/kader/verein/969/saison_id/2021,Montpellier HSC,25,,10.0,,98550000.0
Ligue 1,2021,https://www.transfermarkt.es/racing-club-de-estrasburgo/kader/verein/667/saison_id/2021,Racing Club de Estrasburgo,24,,9.0,,95400000.0
Ligue 1,2021,https://www.transfermarkt.es/fc-nantes/kader/verein/995/saison_id/2021,FC Nantes,26,,12.0,,89500000.0
Ligue 1,2021,https://www.transfermarkt.es/fc-metz/kader/verein/347/saison_id/2021,FC Metz,29,,17.0,,88200000.0
Ligue 1,2021,https://www.transfermarkt.es/fc-girondins-de-burdeos/kader/verein/40/saison_id/2021,FC Girondins de Burdeos,30,,17.0,,87850000.0
Ligue 1,2021,https://www.transfermarkt.es/stade-brestois-29/kader/verein/3911/saison_id/2021,Stade Brestois 29,26,,8.0,,76850000.0
Ligue 1,2021,https://www.transfermarkt.es/sco-angers/kader/verein/1420/saison_id/2021,SCO Angers,25,,12.0,,61050000.0
Ligue 1,2021,https://www.transfermarkt.es/estac-troyes/kader/verein/1095/saison_id/2021,ESTAC Troyes,32,,18.0,,58750000.0
Ligue 1,2021,https://www.transfermarkt.es/fc-lorient/kader/verein/1158/saison_id/2021,FC Lorient,27,,10.0,,52800000.0
Ligue 1,2021,https://www.transfermarkt.es/clermont-foot-63/kader/verein/3524/saison_id/2021,Clermont Foot 63,27,,14.0,,42650000.0
Liga NOS,2018,https://www.transfermarkt.es/sl-benfica/kader/verein/294/saison_id/2018,SL Benfica,33,,22.0,,383000000.0
Liga NOS,2018,https://www.transfermarkt.es/fc-oporto/kader/verein/720/saison_id/2018,FC Oporto,33,,23.0,,347150000.0
Liga NOS,2018,https://www.transfermarkt.es/sporting-cp/kader/verein/336/saison_id/2018,Sporting CP,40,,27.0,,211180000.0
Liga NOS,2018,https://www.transfermarkt.es/sc-braga/kader/verein/1075/saison_id/2018,SC Braga,29,,15.0,,99000000.0
Liga NOS,2018,https://www.transfermarkt.es/portimonense-sc/kader/verein/7378/saison_id/2018,Portimonense SC,44,,35.0,,56380000.0
Liga NOS,2018,https://www.transfermarkt.es/vitoria-guimaraes-sc/kader/verein/2420/saison_id/2018,Vitória Guimarães SC,36,,20.0,,51800000.0
Liga NOS,2018,https://www.transfermarkt.es/rio-ave-fc/kader/verein/2425/saison_id/2018,Rio Ave FC,40,,25.0,,34530000.0
Liga NOS,2018,https://www.transfermarkt.es/moreirense-fc/kader/verein/979/saison_id/2018,Moreirense FC,34,,19.0,,26500000.0
Liga NOS,2018,https://www.transfermarkt.es/gd-chaves/kader/verein/3325/saison_id/2018,GD Chaves,36,,22.0,,23550000.0
Liga NOS,2018,https://www.transfermarkt.es/cd-santa-clara/kader/verein/2423/saison_id/2018,CD Santa Clara,38,,21.0,,20480000.0
Liga NOS,2018,https://www.transfermarkt.es/boavista-porto-fc/kader/verein/2503/saison_id/2018,Boavista Porto FC,35,,24.0,,18800000.0
Liga NOS,2018,https://www.transfermarkt.es/belenenses-sad/kader/verein/2457/saison_id/2018,Belenenses SAD,35,,16.0,,18180000.0
Liga NOS,2018,https://www.transfermarkt.es/vitoria-setubal-fc/kader/verein/1085/saison_id/2018,Vitória Setúbal FC,40,,17.0,,17980000.0
Liga NOS,2018,https://www.transfermarkt.es/cs-maritimo/kader/verein/1301/saison_id/2018,CS Marítimo,45,,33.0,,17680000.0
Liga NOS,2018,https://www.transfermarkt.es/cd-tondela/kader/verein/7179/saison_id/2018,CD Tondela,29,,11.0,,16700000.0
Liga NOS,2018,https://www.transfermarkt.es/desportivo-aves/kader/verein/3336/saison_id/2018,Desportivo Aves,42,,33.0,,14650000.0
Liga NOS,2018,https://www.transfermarkt.es/cd-feirense/kader/verein/3349/saison_id/2018,CD Feirense,36,,22.0,,12350000.0
Liga NOS,2018,https://www.transfermarkt.es/cd-nacional/kader/verein/982/saison_id/2018,CD Nacional,31,,23.0,,11680000.0
Liga NOS,2019,https://www.transfermarkt.es/sl-benfica/kader/verein/294/saison_id/2019,SL Benfica,36,,19.0,,312700000.0
Liga NOS,2019,https://www.transfermarkt.es/fc-oporto/kader/verein/720/saison_id/2019,FC Oporto,31,,16.0,,224450000.0
Liga NOS,2019,https://www.transfermarkt.es/sporting-cp/kader/verein/336/saison_id/2019,Sporting CP,39,,22.0,,175530000.0
Liga NOS,2019,https://www.transfermarkt.es/sc-braga/kader/verein/1075/saison_id/2019,SC Braga,37,,18.0,,102900000.0
Liga NOS,2019,https://www.transfermarkt.es/vitoria-guimaraes-sc/kader/verein/2420/saison_id/2019,Vitória Guimarães SC,44,,28.0,,65150000.00000001
Liga NOS,2019,https://www.transfermarkt.es/fc-famalicao/kader/verein/3329/saison_id/2019,FC Famalicão,33,,23.0,,39030000.0
Liga NOS,2019,https://www.transfermarkt.es/portimonense-sc/kader/verein/7378/saison_id/2019,Portimonense SC,37,,27.0,,23000000.0
Liga NOS,2019,https://www.transfermarkt.es/rio-ave-fc/kader/verein/2425/saison_id/2019,Rio Ave FC,31,,19.0,,20950000.0
Liga NOS,2019,https://www.transfermarkt.es/cs-maritimo/kader/verein/1301/saison_id/2019,CS Marítimo,33,,24.0,,16250000.0
Liga NOS,2019,https://www.transfermarkt.es/belenenses-sad/kader/verein/2457/saison_id/2019,Belenenses SAD,46,,21.0,,15180000.0
Liga NOS,2019,https://www.transfermarkt.es/boavista-porto-fc/kader/verein/2503/saison_id/2019,Boavista Porto FC,32,,20.0,,14780000.0
Liga NOS,2019,https://www.transfermarkt.es/cd-santa-clara/kader/verein/2423/saison_id/2019,CD Santa Clara,32,,19.0,,14700000.0
Liga NOS,2019,https://www.transfermarkt.es/desportivo-aves/kader/verein/3336/saison_id/2019,Desportivo Aves,45,,33.0,,14600000.0
Liga NOS,2019,https://www.transfermarkt.es/moreirense-fc/kader/verein/979/saison_id/2019,Moreirense FC,29,,19.0,,14550000.0
Liga NOS,2019,https://www.transfermarkt.es/fc-pacos-de-ferreira/kader/verein/2995/saison_id/2019,FC Paços de Ferreira,34,,19.0,,14350000.0
Liga NOS,2019,https://www.transfermarkt.es/vitoria-setubal-fc/kader/verein/1085/saison_id/2019,Vitória Setúbal FC,38,,19.0,,13850000.0
Liga NOS,2019,https://www.transfermarkt.es/cd-tondela/kader/verein/7179/saison_id/2019,CD Tondela,31,,15.0,,13280000.0
Liga NOS,2019,https://www.transfermarkt.es/gil-vicente-fc/kader/verein/2424/saison_id/2019,Gil Vicente FC,30,,22.0,,12230000.0
Liga NOS,2020,https://www.transfermarkt.es/sl-benfica/kader/verein/294/saison_id/2020,SL Benfica,40,,26.0,,377350000.0
Liga NOS,2020,https://www.transfermarkt.es/fc-oporto/kader/verein/720/saison_id/2020,FC Oporto,34,,20.0,,327600000.0
Liga NOS,2020,https://www.transfermarkt.es/sporting-cp/kader/verein/336/saison_id/2020,Sporting CP,39,,16.0,,257280000.0
Liga NOS,2020,https://www.transfermarkt.es/sc-braga/kader/verein/1075/saison_id/2020,SC Braga,41,,17.0,,142950000.0
Liga NOS,2020,https://www.transfermarkt.es/fc-famalicao/kader/verein/3329/saison_id/2020,FC Famalicão,44,,28.0,,64930000.00000001
Liga NOS,2020,https://www.transfermarkt.es/vitoria-guimaraes-sc/kader/verein/2420/saison_id/2020,Vitória Guimarães SC,37,,24.0,,54500000.0
Liga NOS,2020,https://www.transfermarkt.es/boavista-porto-fc/kader/verein/2503/saison_id/2020,Boavista Porto FC,32,,24.0,,35150000.0
Liga NOS,2020,https://www.transfermarkt.es/rio-ave-fc/kader/verein/2425/saison_id/2020,Rio Ave FC,37,,22.0,,32880000.000000004
Liga NOS,2020,https://www.transfermarkt.es/fc-pacos-de-ferreira/kader/verein/2995/saison_id/2020,FC Paços de Ferreira,31,,17.0,,27400000.0
Liga NOS,2020,https://www.transfermarkt.es/portimonense-sc/kader/verein/7378/saison_id/2020,Portimonense SC,37,,30.0,,24950000.0
Liga NOS,2020,https://www.transfermarkt.es/cs-maritimo/kader/verein/1301/saison_id/2020,CS Marítimo,40,,33.0,,23600000.0
Liga NOS,2020,https://www.transfermarkt.es/cd-santa-clara/kader/verein/2423/saison_id/2020,CD Santa Clara,31,,17.0,,22800000.0
Liga NOS,2020,https://www.transfermarkt.es/moreirense-fc/kader/verein/979/saison_id/2020,Moreirense FC,31,,20.0,,22080000.0
Liga NOS,2020,https://www.transfermarkt.es/sc-farense/kader/verein/4294/saison_id/2020,SC Farense,31,,19.0,,21200000.0
Liga NOS,2020,https://www.transfermarkt.es/belenenses-sad/kader/verein/2457/saison_id/2020,Belenenses SAD,35,,14.0,,19230000.0
Liga NOS,2020,https://www.transfermarkt.es/gil-vicente-fc/kader/verein/2424/saison_id/2020,Gil Vicente FC,34,,24.0,,16800000.0
Liga NOS,2020,https://www.transfermarkt.es/cd-tondela/kader/verein/7179/saison_id/2020,CD Tondela,26,,14.0,,13600000.0
Liga NOS,2020,https://www.transfermarkt.es/cd-nacional/kader/verein/982/saison_id/2020,CD Nacional,32,,22.0,,12950000.0
Liga NOS,2021,https://www.transfermarkt.es/sl-benfica/kader/verein/294/saison_id/2021,SL Benfica,26,,19.0,,270500000.0
Liga NOS,2021,https://www.transfermarkt.es/sporting-cp/kader/verein/336/saison_id/2021,Sporting CP,24,,11.0,,251700000.0
Liga NOS,2021,https://www.transfermarkt.es/fc-oporto/kader/verein/720/saison_id/2021,FC Oporto,27,,15.0,,225300000.0
Liga NOS,2021,https://www.transfermarkt.es/sc-braga/kader/verein/1075/saison_id/2021,SC Braga,24,,10.0,,103800000.0
Liga NOS,2021,https://www.transfermarkt.es/fc-famalicao/kader/verein/3329/saison_id/2021,FC Famalicão,31,,18.0,,46250000.0
Liga NOS,2021,https://www.transfermarkt.es/vitoria-guimaraes-sc/kader/verein/2420/saison_id/2021,Vitória Guimarães SC,28,,12.0,,41950000.0
Liga NOS,2021,https://www.transfermarkt.es/gd-estoril-praia/kader/verein/1465/saison_id/2021,GD Estoril Praia,29,,17.0,,25450000.0
Liga NOS,2021,https://www.transfermarkt.es/portimonense-sc/kader/verein/7378/saison_id/2021,Portimonense SC,33,,29.0,,24880000.0
Liga NOS,2021,https://www.transfermarkt.es/boavista-porto-fc/kader/verein/2503/saison_id/2021,Boavista Porto FC,27,,17.0,,22600000.0
Liga NOS,2021,https://www.transfermarkt.es/cd-tondela/kader/verein/7179/saison_id/2021,CD Tondela,27,,18.0,,20950000.0
Liga NOS,2021,https://www.transfermarkt.es/cd-santa-clara/kader/verein/2423/saison_id/2021,CD Santa Clara,28,,17.0,,18430000.0
Liga NOS,2021,https://www.transfermarkt.es/fc-pacos-de-ferreira/kader/verein/2995/saison_id/2021,FC Paços de Ferreira,29,,16.0,,18100000.0
Liga NOS,2021,https://www.transfermarkt.es/gil-vicente-fc/kader/verein/2424/saison_id/2021,Gil Vicente FC,27,,19.0,,15600000.0
Liga NOS,2021,https://www.transfermarkt.es/belenenses-sad/kader/verein/2457/saison_id/2021,Belenenses SAD,28,,14.0,,15130000.0
Liga NOS,2021,https://www.transfermarkt.es/fc-vizela/kader/verein/6912/saison_id/2021,FC Vizela,24,,15.0,,14950000.0
Liga NOS,2021,https://www.transfermarkt.es/moreirense-fc/kader/verein/979/saison_id/2021,Moreirense FC,26,,18.0,,14750000.0
Liga NOS,2021,https://www.transfermarkt.es/cs-maritimo/kader/verein/1301/saison_id/2021,CS Marítimo,25,,16.0,,14450000.0
Liga NOS,2021,https://www.transfermarkt.es/fc-arouca/kader/verein/8024/saison_id/2021,FC Arouca,29,,22.0,,14200000.0
Eredivisie,2018,https://www.transfermarkt.es/ajax-de-amsterdam/kader/verein/610/saison_id/2018,Ajax de Ámsterdam,39,,21.0,,503150000.0
Eredivisie,2018,https://www.transfermarkt.es/psv-eindhoven/kader/verein/383/saison_id/2018,PSV Eindhoven,41,,20.0,,237850000.0
Eredivisie,2018,https://www.transfermarkt.es/feyenoord-rotterdam/kader/verein/234/saison_id/2018,Feyenoord Rotterdam,35,,15.0,,106550000.0
Eredivisie,2018,https://www.transfermarkt.es/az-alkmaar/kader/verein/1090/saison_id/2018,AZ Alkmaar,39,,12.0,,67500000.0
Eredivisie,2018,https://www.transfermarkt.es/vitesse-arnhem/kader/verein/499/saison_id/2018,Vitesse Arnhem,36,,15.0,,49180000.0
Eredivisie,2018,https://www.transfermarkt.es/sc-heerenveen/kader/verein/306/saison_id/2018,SC Heerenveen,32,,14.0,,48630000.0
Eredivisie,2018,https://www.transfermarkt.es/fc-utrecht/kader/verein/200/saison_id/2018,FC Utrecht,35,,15.0,,45330000.0
Eredivisie,2018,https://www.transfermarkt.es/fc-groningen/kader/verein/202/saison_id/2018,FC Groningen,33,,14.0,,41000000.0
Eredivisie,2018,https://www.transfermarkt.es/willem-ii-tilburg/kader/verein/403/saison_id/2018,Willem II Tilburg,33,,26.0,,36000000.0
Eredivisie,2018,https://www.transfermarkt.es/heracles-almelo/kader/verein/1304/saison_id/2018,Heracles Almelo,31,,11.0,,27200000.0
Eredivisie,2018,https://www.transfermarkt.es/pec-zwolle/kader/verein/1269/saison_id/2018,PEC Zwolle,38,,14.0,,24600000.0
Eredivisie,2018,https://www.transfermarkt.es/fortuna-sittard/kader/verein/385/saison_id/2018,Fortuna Sittard,44,,26.0,,21300000.0
Eredivisie,2018,https://www.transfermarkt.es/ado-den-haag/kader/verein/1268/saison_id/2018,ADO Den Haag,33,,9.0,,21100000.0
Eredivisie,2018,https://www.transfermarkt.es/nac-breda/kader/verein/132/saison_id/2018,NAC Breda,40,,19.0,,17250000.0
Eredivisie,2018,https://www.transfermarkt.es/vvv-venlo/kader/verein/1426/saison_id/2018,VVV-Venlo,28,,8.0,,16379999.999999998
Eredivisie,2018,https://www.transfermarkt.es/excelsior-rotterdam/kader/verein/798/saison_id/2018,Excelsior Rotterdam,29,,16.0,,14000000.0
Eredivisie,2018,https://www.transfermarkt.es/fc-emmen/kader/verein/1283/saison_id/2018,FC Emmen,38,,7.0,,13630000.0
Eredivisie,2018,https://www.transfermarkt.es/de-graafschap-doetinchem/kader/verein/642/saison_id/2018,De Graafschap Doetinchem,38,,7.0,,12030000.0
Eredivisie,2019,https://www.transfermarkt.es/ajax-de-amsterdam/kader/verein/610/saison_id/2019,Ajax de Ámsterdam,39,,19.0,,400400000.0
Eredivisie,2019,https://www.transfermarkt.es/psv-eindhoven/kader/verein/383/saison_id/2019,PSV Eindhoven,41,,20.0,,219580000.0
Eredivisie,2019,https://www.transfermarkt.es/az-alkmaar/kader/verein/1090/saison_id/2019,AZ Alkmaar,30,,11.0,,130050000.0
Eredivisie,2019,https://www.transfermarkt.es/feyenoord-rotterdam/kader/verein/234/saison_id/2019,Feyenoord Rotterdam,38,,17.0,,102730000.0
Eredivisie,2019,https://www.transfermarkt.es/fc-utrecht/kader/verein/200/saison_id/2019,FC Utrecht,42,,16.0,,48580000.0
Eredivisie,2019,https://www.transfermarkt.es/vitesse-arnhem/kader/verein/499/saison_id/2019,Vitesse Arnhem,34,,19.0,,30530000.0
Eredivisie,2019,https://www.transfermarkt.es/fc-groningen/kader/verein/202/saison_id/2019,FC Groningen,37,,14.0,,30480000.0
Eredivisie,2019,https://www.transfermarkt.es/sc-heerenveen/kader/verein/306/saison_id/2019,SC Heerenveen,29,,15.0,,26750000.0
Eredivisie,2019,https://www.transfermarkt.es/heracles-almelo/kader/verein/1304/saison_id/2019,Heracles Almelo,32,,16.0,,22480000.0
Eredivisie,2019,https://www.transfermarkt.es/willem-ii-tilburg/kader/verein/403/saison_id/2019,Willem II Tilburg,29,,21.0,,21800000.0
Eredivisie,2019,https://www.transfermarkt.es/fc-twente-enschede/kader/verein/317/saison_id/2019,FC Twente Enschede,32,,17.0,,21280000.0
Eredivisie,2019,https://www.transfermarkt.es/ado-den-haag/kader/verein/1268/saison_id/2019,ADO Den Haag,41,,16.0,,19400000.0
Eredivisie,2019,https://www.transfermarkt.es/pec-zwolle/kader/verein/1269/saison_id/2019,PEC Zwolle,37,,13.0,,16500000.0
Eredivisie,2019,https://www.transfermarkt.es/sparta-rotterdam/kader/verein/468/saison_id/2019,Sparta Rotterdam,30,,12.0,,15500000.0
Eredivisie,2019,https://www.transfermarkt.es/fc-emmen/kader/verein/1283/saison_id/2019,FC Emmen,36,,15.0,,13280000.0
Eredivisie,2019,https://www.transfermarkt.es/fortuna-sittard/kader/verein/385/saison_id/2019,Fortuna Sittard,33,,24.0,,13080000.0
Eredivisie,2019,https://www.transfermarkt.es/vvv-venlo/kader/verein/1426/saison_id/2019,VVV-Venlo,32,,15.0,,12030000.0
Eredivisie,2019,https://www.transfermarkt.es/rkc-waalwijk/kader/verein/235/saison_id/2019,RKC Waalwijk,36,,11.0,,10780000.0
Eredivisie,2020,https://www.transfermarkt.es/ajax-de-amsterdam/kader/verein/610/saison_id/2020,Ajax de Ámsterdam,40,,17.0,,428100000.0
Eredivisie,2020,https://www.transfermarkt.es/psv-eindhoven/kader/verein/383/saison_id/2020,PSV Eindhoven,41,,26.0,,204580000.0
Eredivisie,2020,https://www.transfermarkt.es/az-alkmaar/kader/verein/1090/saison_id/2020,AZ Alkmaar,42,,12.0,,135530000.0
Eredivisie,2020,https://www.transfermarkt.es/feyenoord-rotterdam/kader/verein/234/saison_id/2020,Feyenoord Rotterdam,36,,14.0,,108380000.0
Eredivisie,2020,https://www.transfermarkt.es/fc-utrecht/kader/verein/200/saison_id/2020,FC Utrecht,38,,11.0,,46630000.0
Eredivisie,2020,https://www.transfermarkt.es/fc-groningen/kader/verein/202/saison_id/2020,FC Groningen,36,,15.0,,34050000.0
Eredivisie,2020,https://www.transfermarkt.es/vitesse-arnhem/kader/verein/499/saison_id/2020,Vitesse Arnhem,31,,17.0,,31500000.0
Eredivisie,2020,https://www.transfermarkt.es/sc-heerenveen/kader/verein/306/saison_id/2020,SC Heerenveen,34,,15.0,,30950000.0
Eredivisie,2020,https://www.transfermarkt.es/fc-twente-enschede/kader/verein/317/saison_id/2020,FC Twente Enschede,30,,12.0,,28350000.0
Eredivisie,2020,https://www.transfermarkt.es/willem-ii-tilburg/kader/verein/403/saison_id/2020,Willem II Tilburg,35,,16.0,,21350000.0
Eredivisie,2020,https://www.transfermarkt.es/fortuna-sittard/kader/verein/385/saison_id/2020,Fortuna Sittard,37,,22.0,,18550000.0
Eredivisie,2020,https://www.transfermarkt.es/pec-zwolle/kader/verein/1269/saison_id/2020,PEC Zwolle,34,,11.0,,17650000.0
Eredivisie,2020,https://www.transfermarkt.es/heracles-almelo/kader/verein/1304/saison_id/2020,Heracles Almelo,32,,19.0,,17580000.0
Eredivisie,2020,https://www.transfermarkt.es/sparta-rotterdam/kader/verein/468/saison_id/2020,Sparta Rotterdam,32,,10.0,,16480000.0
Eredivisie,2020,https://www.transfermarkt.es/ado-den-haag/kader/verein/1268/saison_id/2020,ADO Den Haag,43,,16.0,,15980000.0
Eredivisie,2020,https://www.transfermarkt.es/fc-emmen/kader/verein/1283/saison_id/2020,FC Emmen,37,,17.0,,14630000.0
Eredivisie,2020,https://www.transfermarkt.es/vvv-venlo/kader/verein/1426/saison_id/2020,VVV-Venlo,33,,17.0,,13730000.0
Eredivisie,2020,https://www.transfermarkt.es/rkc-waalwijk/kader/verein/235/saison_id/2020,RKC Waalwijk,31,,18.0,,11630000.0
Eredivisie,2021,https://www.transfermarkt.es/ajax-de-amsterdam/kader/verein/610/saison_id/2021,Ajax de Ámsterdam,27,,14.0,,364300000.0
Eredivisie,2021,https://www.transfermarkt.es/psv-eindhoven/kader/verein/383/saison_id/2021,PSV Eindhoven,26,,20.0,,153200000.0
Eredivisie,2021,https://www.transfermarkt.es/feyenoord-rotterdam/kader/verein/234/saison_id/2021,Feyenoord Rotterdam,25,,12.0,,124450000.0
Eredivisie,2021,https://www.transfermarkt.es/az-alkmaar/kader/verein/1090/saison_id/2021,AZ Alkmaar,27,,12.0,,62030000.0
Eredivisie,2021,https://www.transfermarkt.es/vitesse-arnhem/kader/verein/499/saison_id/2021,Vitesse Arnhem,27,,16.0,,36930000.0
Eredivisie,2021,https://www.transfermarkt.es/fc-utrecht/kader/verein/200/saison_id/2021,FC Utrecht,26,,8.0,,31050000.0
Eredivisie,2021,https://www.transfermarkt.es/sc-heerenveen/kader/verein/306/saison_id/2021,SC Heerenveen,29,,11.0,,21280000.0
Eredivisie,2021,https://www.transfermarkt.es/fc-groningen/kader/verein/202/saison_id/2021,FC Groningen,27,,13.0,,21030000.0
Eredivisie,2021,https://www.transfermarkt.es/fc-twente-enschede/kader/verein/317/saison_id/2021,FC Twente Enschede,26,,7.0,,20850000.0
Eredivisie,2021,https://www.transfermarkt.es/heracles-almelo/kader/verein/1304/saison_id/2021,Heracles Almelo,31,,22.0,,18050000.0
Eredivisie,2021,https://www.transfermarkt.es/willem-ii-tilburg/kader/verein/403/saison_id/2021,Willem II Tilburg,26,,16.0,,15600000.0
Eredivisie,2021,https://www.transfermarkt.es/fortuna-sittard/kader/verein/385/saison_id/2021,Fortuna Sittard,27,,14.0,,15380000.0
Eredivisie,2021,https://www.transfermarkt.es/pec-zwolle/kader/verein/1269/saison_id/2021,PEC Zwolle,31,,10.0,,14430000.0
Eredivisie,2021,https://www.transfermarkt.es/sparta-rotterdam/kader/verein/468/saison_id/2021,Sparta Rotterdam,21,,11.0,,13950000.0
Eredivisie,2021,https://www.transfermarkt.es/nec-nijmegen/kader/verein/467/saison_id/2021,NEC Nijmegen,25,,13.0,,13280000.0
Eredivisie,2021,https://www.transfermarkt.es/sc-cambuur-leeuwarden/kader/verein/133/saison_id/2021,SC Cambuur-Leeuwarden,24,,6.0,,10830000.0
Eredivisie,2021,https://www.transfermarkt.es/rkc-waalwijk/kader/verein/235/saison_id/2021,RKC Waalwijk,28,,15.0,,10400000.0
Eredivisie,2021,https://www.transfermarkt.es/go-ahead-eagles-deventer/kader/verein/1435/saison_id/2021,Go Ahead Eagles Deventer,29,,11.0,,9500000.0
Segunda Division,2018,https://www.transfermarkt.es/malaga-cf/kader/verein/1084/saison_id/2018,Málaga CF,39,,20.0,,47400000.0
Segunda Division,2018,https://www.transfermarkt.es/ud-las-palmas/kader/verein/472/saison_id/2018,UD Las Palmas,40,,9.0,,37150000.0
Segunda Division,2018,https://www.transfermarkt.es/rc-deportivo-de-la-coruna/kader/verein/897/saison_id/2018,RC Deportivo de La Coruña,33,,9.0,,36850000.0
Segunda Division,2018,https://www.transfermarkt.es/granada-cf/kader/verein/16795/saison_id/2018,Granada CF,30,,6.0,,31100000.0
Segunda Division,2018,https://www.transfermarkt.es/sporting-de-gijon/kader/verein/2448/saison_id/2018,Sporting de Gijón,36,,10.0,,29500000.0
Segunda Division,2018,https://www.transfermarkt.es/cadiz-cf/kader/verein/2687/saison_id/2018,Cádiz CF,39,,12.0,,29000000.0
Segunda Division,2018,https://www.transfermarkt.es/ca-osasuna/kader/verein/331/saison_id/2018,CA Osasuna,32,,0.0,,28750000.0
Segunda Division,2018,https://www.transfermarkt.es/cd-tenerife/kader/verein/648/saison_id/2018,CD Tenerife,33,,10.0,,25850000.0
Segunda Division,2018,https://www.transfermarkt.es/albacete-balompie/kader/verein/1532/saison_id/2018,Albacete Balompié,38,,17.0,,24900000.0
Segunda Division,2018,https://www.transfermarkt.es/ud-almeria/kader/verein/3302/saison_id/2018,UD Almería,37,,10.0,,22350000.0
Segunda Division,2018,https://www.transfermarkt.es/rcd-mallorca/kader/verein/237/saison_id/2018,RCD Mallorca,38,,14.0,,21850000.0
Segunda Division,2018,https://www.transfermarkt.es/real-zaragoza/kader/verein/142/saison_id/2018,Real Zaragoza,35,,10.0,,21750000.0
Segunda Division,2018,https://www.transfermarkt.es/extremadura-ud/kader/verein/29095/saison_id/2018,Extremadura UD,48,,12.0,,19150000.0
Segunda Division,2018,https://www.transfermarkt.es/cd-lugo/kader/verein/11000/saison_id/2018,CD Lugo,41,,10.0,,18800000.0
Segunda Division,2018,https://www.transfermarkt.es/cordoba-cf/kader/verein/993/saison_id/2018,Córdoba CF,41,,8.0,,17000000.0
Segunda Division,2018,https://www.transfermarkt.es/cf-rayo-majadahonda/kader/verein/13702/saison_id/2018,CF Rayo Majadahonda,33,,5.0,,16700000.0
Segunda Division,2018,https://www.transfermarkt.es/gimnastic-de-tarragona/kader/verein/5648/saison_id/2018,Gimnàstic de Tarragona,49,,18.0,,16600000.000000002
Segunda Division,2018,https://www.transfermarkt.es/real-oviedo/kader/verein/2497/saison_id/2018,Real Oviedo,31,,7.0,,16350000.000000002
Segunda Division,2018,https://www.transfermarkt.es/elche-cf/kader/verein/1531/saison_id/2018,Elche CF,40,,7.0,,16149999.999999998
Segunda Division,2018,https://www.transfermarkt.es/cd-numancia/kader/verein/2296/saison_id/2018,CD Numancia,37,,5.0,,16050000.0
Segunda Division,2018,https://www.transfermarkt.es/ad-alcorcon/kader/verein/11596/saison_id/2018,AD Alcorcón,38,,5.0,,13150000.0
Segunda Division,2018,https://www.transfermarkt.es/cf-reus-deportiu-2020-/kader/verein/13225/saison_id/2018,CF Reus Deportiu (-2020),27,,5.0,,9000000.0
Segunda Division,2019,https://www.transfermarkt.es/girona-fc/kader/verein/12321/saison_id/2019,Girona FC,37,,10.0,,41430000.0
Segunda Division,2019,https://www.transfermarkt.es/rayo-vallecano/kader/verein/367/saison_id/2019,Rayo Vallecano,42,,12.0,,37980000.0
Segunda Division,2019,https://www.transfermarkt.es/rc-deportivo-de-la-coruna/kader/verein/897/saison_id/2019,RC Deportivo de La Coruña,42,,15.0,,35000000.0
Segunda Division,2019,https://www.transfermarkt.es/ud-las-palmas/kader/verein/472/saison_id/2019,UD Las Palmas,43,,10.0,,33800000.0
Segunda Division,2019,https://www.transfermarkt.es/ud-almeria/kader/verein/3302/saison_id/2019,UD Almería,44,,17.0,,33550000.0
Segunda Division,2019,https://www.transfermarkt.es/sd-huesca/kader/verein/5358/saison_id/2019,SD Huesca,32,,7.0,,30680000.0
Segunda Division,2019,https://www.transfermarkt.es/real-zaragoza/kader/verein/142/saison_id/2019,Real Zaragoza,36,,12.0,,25380000.0
Segunda Division,2019,https://www.transfermarkt.es/cadiz-cf/kader/verein/2687/saison_id/2019,Cádiz CF,41,,12.0,,21450000.0
Segunda Division,2019,https://www.transfermarkt.es/malaga-cf/kader/verein/1084/saison_id/2019,Málaga CF,37,,12.0,,20050000.0
Segunda Division,2019,https://www.transfermarkt.es/sporting-de-gijon/kader/verein/2448/saison_id/2019,Sporting de Gijón,33,,7.0,,19430000.0
Segunda Division,2019,https://www.transfermarkt.es/real-oviedo/kader/verein/2497/saison_id/2019,Real Oviedo,35,,7.0,,16250000.0
Segunda Division,2019,https://www.transfermarkt.es/elche-cf/kader/verein/1531/saison_id/2019,Elche CF,35,,5.0,,15700000.0
Segunda Division,2019,https://www.transfermarkt.es/albacete-balompie/kader/verein/1532/saison_id/2019,Albacete Balompié,37,,12.0,,15030000.0
Segunda Division,2019,https://www.transfermarkt.es/cd-tenerife/kader/verein/648/saison_id/2019,CD Tenerife,31,,7.0,,14680000.0
Segunda Division,2019,https://www.transfermarkt.es/cd-mirandes/kader/verein/13222/saison_id/2019,CD Mirandés,31,,13.0,,13630000.0
Segunda Division,2019,https://www.transfermarkt.es/cd-lugo/kader/verein/11000/saison_id/2019,CD Lugo,37,,11.0,,12450000.0
Segunda Division,2019,https://www.transfermarkt.es/racing-de-santander/kader/verein/630/saison_id/2019,Racing de Santander,37,,7.0,,11630000.0
Segunda Division,2019,https://www.transfermarkt.es/cd-numancia/kader/verein/2296/saison_id/2019,CD Numancia,37,,5.0,,11080000.0
Segunda Division,2019,https://www.transfermarkt.es/ad-alcorcon/kader/verein/11596/saison_id/2019,AD Alcorcón,32,,8.0,,10630000.0
Segunda Division,2019,https://www.transfermarkt.es/sd-ponferradina/kader/verein/4032/saison_id/2019,SD Ponferradina,33,,8.0,,10600000.0
Segunda Division,2019,https://www.transfermarkt.es/extremadura-ud/kader/verein/29095/saison_id/2019,Extremadura UD,36,,9.0,,10500000.0
Segunda Division,2019,https://www.transfermarkt.es/cf-fuenlabrada/kader/verein/16486/saison_id/2019,CF Fuenlabrada,35,,7.0,,10350000.0
Segunda Division,2020,https://www.transfermarkt.es/rcd-espanyol/kader/verein/714/saison_id/2020,RCD Espanyol,37,,7.0,,80000000.0
Segunda Division,2020,https://www.transfermarkt.es/ud-almeria/kader/verein/3302/saison_id/2020,UD Almería,35,,18.0,,70600000.0
Segunda Division,2020,https://www.transfermarkt.es/rcd-mallorca/kader/verein/237/saison_id/2020,RCD Mallorca,39,,13.0,,50950000.0
Segunda Division,2020,https://www.transfermarkt.es/girona-fc/kader/verein/12321/saison_id/2020,Girona FC,40,,13.0,,36330000.0
Segunda Division,2020,https://www.transfermarkt.es/cd-leganes/kader/verein/1244/saison_id/2020,CD Leganés,39,,10.0,,34480000.0
Segunda Division,2020,https://www.transfermarkt.es/rayo-vallecano/kader/verein/367/saison_id/2020,Rayo Vallecano,36,,11.0,,29850000.0
Segunda Division,2020,https://www.transfermarkt.es/sporting-de-gijon/kader/verein/2448/saison_id/2020,Sporting de Gijón,37,,6.0,,23900000.0
Segunda Division,2020,https://www.transfermarkt.es/real-zaragoza/kader/verein/142/saison_id/2020,Real Zaragoza,38,,12.0,,23150000.0
Segunda Division,2020,https://www.transfermarkt.es/ud-las-palmas/kader/verein/472/saison_id/2020,UD Las Palmas,42,,8.0,,20350000.0
Segunda Division,2020,https://www.transfermarkt.es/malaga-cf/kader/verein/1084/saison_id/2020,Málaga CF,48,,15.0,,20280000.0
Segunda Division,2020,https://www.transfermarkt.es/cd-mirandes/kader/verein/13222/saison_id/2020,CD Mirandés,35,,7.0,,16750000.0
Segunda Division,2020,https://www.transfermarkt.es/cf-fuenlabrada/kader/verein/16486/saison_id/2020,CF Fuenlabrada,34,,10.0,,14800000.0
Segunda Division,2020,https://www.transfermarkt.es/cd-tenerife/kader/verein/648/saison_id/2020,CD Tenerife,38,,10.0,,13700000.0
Segunda Division,2020,https://www.transfermarkt.es/real-oviedo/kader/verein/2497/saison_id/2020,Real Oviedo,34,,6.0,,13550000.0
Segunda Division,2020,https://www.transfermarkt.es/fc-cartagena/kader/verein/7077/saison_id/2020,FC Cartagena,43,,14.0,,13150000.0
Segunda Division,2020,https://www.transfermarkt.es/sd-ponferradina/kader/verein/4032/saison_id/2020,SD Ponferradina,34,,8.0,,11500000.0
Segunda Division,2020,https://www.transfermarkt.es/albacete-balompie/kader/verein/1532/saison_id/2020,Albacete Balompié,36,,11.0,,10150000.0
Segunda Division,2020,https://www.transfermarkt.es/cd-castellon/kader/verein/2502/saison_id/2020,CD Castellón,36,,4.0,,10000000.0
Segunda Division,2020,https://www.transfermarkt.es/ud-logrones/kader/verein/24420/saison_id/2020,UD Logroñés,36,,6.0,,9500000.0
Segunda Division,2020,https://www.transfermarkt.es/cd-lugo/kader/verein/11000/saison_id/2020,CD Lugo,36,,7.0,,8830000.0
Segunda Division,2020,https://www.transfermarkt.es/ad-alcorcon/kader/verein/11596/saison_id/2020,AD Alcorcón,34,,8.0,,8450000.0
Segunda Division,2020,https://www.transfermarkt.es/ce-sabadell/kader/verein/11422/saison_id/2020,CE Sabadell,33,,2.0,,7150000.0
Segunda Division,2021,https://www.transfermarkt.es/ud-almeria/kader/verein/3302/saison_id/2021,UD Almería,25,,10.0,,57400000.0
Segunda Division,2021,https://www.transfermarkt.es/real-valladolid-cf/kader/verein/366/saison_id/2021,Real Valladolid CF,26,,5.0,,46800000.0
Segunda Division,2021,https://www.transfermarkt.es/cd-leganes/kader/verein/1244/saison_id/2021,CD Leganés,28,,8.0,,36500000.0
Segunda Division,2021,https://www.transfermarkt.es/real-sociedad-b/kader/verein/9899/saison_id/2021,Real Sociedad B,29,,4.0,,30750000.0
Segunda Division,2021,https://www.transfermarkt.es/sd-eibar/kader/verein/1533/saison_id/2021,SD Eibar,25,,5.0,,29800000.0
Segunda Division,2021,https://www.transfermarkt.es/sd-huesca/kader/verein/5358/saison_id/2021,SD Huesca,24,,6.0,,29600000.0
Segunda Division,2021,https://www.transfermarkt.es/sporting-de-gijon/kader/verein/2448/saison_id/2021,Sporting de Gijón,26,,6.0,,28350000.0
Segunda Division,2021,https://www.transfermarkt.es/girona-fc/kader/verein/12321/saison_id/2021,Girona FC,24,,6.0,,27900000.0
Segunda Division,2021,https://www.transfermarkt.es/real-zaragoza/kader/verein/142/saison_id/2021,Real Zaragoza,23,,5.0,,25000000.0
Segunda Division,2021,https://www.transfermarkt.es/malaga-cf/kader/verein/1084/saison_id/2021,Málaga CF,28,,6.0,,23300000.0
Segunda Division,2021,https://www.transfermarkt.es/ud-las-palmas/kader/verein/472/saison_id/2021,UD Las Palmas,27,,6.0,,23000000.0
Segunda Division,2021,https://www.transfermarkt.es/cd-mirandes/kader/verein/13222/saison_id/2021,CD Mirandés,25,,5.0,,19000000.0
Segunda Division,2021,https://www.transfermarkt.es/cd-tenerife/kader/verein/648/saison_id/2021,CD Tenerife,25,,5.0,,18900000.0
Segunda Division,2021,https://www.transfermarkt.es/real-oviedo/kader/verein/2497/saison_id/2021,Real Oviedo,24,,5.0,,18800000.0
Segunda Division,2021,https://www.transfermarkt.es/cf-fuenlabrada/kader/verein/16486/saison_id/2021,CF Fuenlabrada,25,,8.0,,14700000.0
Segunda Division,2021,https://www.transfermarkt.es/sd-ponferradina/kader/verein/4032/saison_id/2021,SD Ponferradina,25,,6.0,,14500000.0
Segunda Division,2021,https://www.transfermarkt.es/fc-cartagena/kader/verein/7077/saison_id/2021,FC Cartagena,24,,10.0,,12500000.0
Segunda Division,2021,https://www.transfermarkt.es/ud-ibiza/kader/verein/13241/saison_id/2021,UD Ibiza,25,,4.0,,11200000.0
Segunda Division,2021,https://www.transfermarkt.es/sd-amorebieta/kader/verein/16575/saison_id/2021,SD Amorebieta,27,,0.0,,10250000.0
Segunda Division,2021,https://www.transfermarkt.es/burgos-cf/kader/verein/1536/saison_id/2021,Burgos CF,24,,1.0,,8000000.0
Segunda Division,2021,https://www.transfermarkt.es/cd-lugo/kader/verein/11000/saison_id/2021,CD Lugo,25,,3.0,,7400000.0
Segunda Division,2021,https://www.transfermarkt.es/ad-alcorcon/kader/verein/11596/saison_id/2021,AD Alcorcón,26,,6.0,,6800000.0
Primera RFEF I,2021,https://www.transfermarkt.es/bilbao-athletic/kader/verein/6688/saison_id/2021,Bilbao Athletic,26,,2.0,,10350000.0
Primera RFEF I,2021,https://www.transfermarkt.es/celta-de-vigo-b/kader/verein/8733/saison_id/2021,Celta de Vigo B,21,,5.0,,8050000.000000001
Primera RFEF I,2021,https://www.transfermarkt.es/rc-deportivo-de-la-coruna/kader/verein/897/saison_id/2021,RC Deportivo de La Coruña,24,,3.0,,7730000.0
Primera RFEF I,2021,https://www.transfermarkt.es/racing-de-santander/kader/verein/630/saison_id/2021,Racing de Santander,23,,3.0,,6950000.0
Primera RFEF I,2021,https://www.transfermarkt.es/ud-logrones/kader/verein/24420/saison_id/2021,UD Logroñés,21,,4.0,,5350000.0
Primera RFEF I,2021,https://www.transfermarkt.es/cultural-leonesa/kader/verein/4542/saison_id/2021,Cultural Leonesa,28,,6.0,,5300000.0
Primera RFEF I,2021,https://www.transfermarkt.es/cf-rayo-majadahonda/kader/verein/13702/saison_id/2021,CF Rayo Majadahonda,23,,4.0,,5150000.0
Primera RFEF I,2021,https://www.transfermarkt.es/racing-de-ferrol/kader/verein/1176/saison_id/2021,Racing de Ferrol,24,,5.0,,4850000.0
Primera RFEF I,2021,https://www.transfermarkt.es/cd-badajoz/kader/verein/2923/saison_id/2021,CD Badajoz,20,,4.0,,4700000.0
Primera RFEF I,2021,https://www.transfermarkt.es/cd-calahorra/kader/verein/4030/saison_id/2021,CD Calahorra,21,,0.0,,4300000.0
Primera RFEF I,2021,https://www.transfermarkt.es/real-union-club/kader/verein/12405/saison_id/2021,Real Unión Club,24,,2.0,,4300000.0
Primera RFEF I,2021,https://www.transfermarkt.es/unionistas-cf/kader/verein/52397/saison_id/2021,Unionistas CF,22,,2.0,,4200000.0
Primera RFEF I,2021,https://www.transfermarkt.es/cf-talavera-de-la-reina/kader/verein/47421/saison_id/2021,CF Talavera de la Reina,24,,7.0,,4100000.0
Primera RFEF I,2021,https://www.transfermarkt.es/real-valladolid-promesas/kader/verein/7078/saison_id/2021,Real Valladolid Promesas,24,,5.0,,3850000.0
Primera RFEF I,2021,https://www.transfermarkt.es/ud-san-sebastian-de-los-reyes/kader/verein/11245/saison_id/2021,UD San Sebastián de los Reyes,22,,1.0,,3850000.0
Primera RFEF I,2021,https://www.transfermarkt.es/zamora-cf/kader/verein/10907/saison_id/2021,Zamora CF,26,,4.0,,3400000.0
Primera RFEF I,2021,https://www.transfermarkt.es/sd-logrones/kader/verein/33303/saison_id/2021,SD Logroñés,25,,2.0,,3380000.0
Primera RFEF I,2021,https://www.transfermarkt.es/dux-internacional-de-madrid/kader/verein/50260/saison_id/2021,DUX Internacional de Madrid,22,,3.0,,3300000.0
Primera RFEF I,2021,https://www.transfermarkt.es/cd-tudelano/kader/verein/29271/saison_id/2021,CD Tudelano,21,,10.0,,2400000.0
Primera RFEF I,2021,https://www.transfermarkt.es/extremadura-ud/kader/verein/29095/saison_id/2021,Extremadura UD,16,,2.0,,50000.0
Primera RFEF II,2021,https://www.transfermarkt.es/fc-barcelona-b/kader/verein/2464/saison_id/2021,FC Barcelona B,31,,11.0,,30700000.0
Primera RFEF II,2021,https://www.transfermarkt.es/real-madrid-castilla/kader/verein/6767/saison_id/2021,Real Madrid Castilla,25,,2.0,,22200000.0
Primera RFEF II,2021,https://www.transfermarkt.es/albacete-balompie/kader/verein/1532/saison_id/2021,Albacete Balompié,26,,9.0,,7100000.0
Primera RFEF II,2021,https://www.transfermarkt.es/villarreal-cf-b/kader/verein/11972/saison_id/2021,Villarreal CF B,25,,6.0,,6650000.0
Primera RFEF II,2021,https://www.transfermarkt.es/cd-castellon/kader/verein/2502/saison_id/2021,CD Castellón,25,,4.0,,5700000.0
Primera RFEF II,2021,https://www.transfermarkt.es/fc-andorra/kader/verein/10718/saison_id/2021,FC Andorra,25,,3.0,,5550000.0
Primera RFEF II,2021,https://www.transfermarkt.es/atletico-baleares/kader/verein/18687/saison_id/2021,Atlético Baleares,24,,5.0,,5550000.0
Primera RFEF II,2021,https://www.transfermarkt.es/ce-sabadell/kader/verein/11422/saison_id/2021,CE Sabadell,25,,2.0,,5350000.0
Primera RFEF II,2021,https://www.transfermarkt.es/san-fernando-cd/kader/verein/12181/saison_id/2021,San Fernando CD,23,,6.0,,5280000.0
Primera RFEF II,2021,https://www.transfermarkt.es/sevilla-atletico/kader/verein/8519/saison_id/2021,Sevilla Atlético,27,,2.0,,5200000.0
Primera RFEF II,2021,https://www.transfermarkt.es/algeciras-cf/kader/verein/3705/saison_id/2021,Algeciras CF,26,,3.0,,5130000.0
Primera RFEF II,2021,https://www.transfermarkt.es/betis-deportivo-balompie/kader/verein/2865/saison_id/2021,Betis Deportivo Balompié,22,,6.0,,5100000.0
Primera RFEF II,2021,https://www.transfermarkt.es/ucam-murcia-cf/kader/verein/34148/saison_id/2021,UCAM Murcia CF,23,,2.0,,5050000.0
Primera RFEF II,2021,https://www.transfermarkt.es/real-balompedica-linense/kader/verein/12605/saison_id/2021,Real Balompédica Linense,24,,7.0,,4500000.0
Primera RFEF II,2021,https://www.transfermarkt.es/cd-alcoyano/kader/verein/11259/saison_id/2021,CD Alcoyano,22,,3.0,,4350000.0
Primera RFEF II,2021,https://www.transfermarkt.es/gimnastic-de-tarragona/kader/verein/5648/saison_id/2021,Gimnàstic de Tarragona,22,,4.0,,4300000.0
Primera RFEF II,2021,https://www.transfermarkt.es/atletico-sanluqueno/kader/verein/21322/saison_id/2021,Atlético Sanluqueño,25,,2.0,,4200000.0
Primera RFEF II,2021,https://www.transfermarkt.es/ue-costa-brava/kader/verein/26132/saison_id/2021,UE Costa Brava,24,,6.0,,4180000.0
Primera RFEF II,2021,https://www.transfermarkt.es/linares-deportivo/kader/verein/12351/saison_id/2021,Linares Deportivo,21,,3.0,,3800000.0
Primera RFEF II,2021,https://www.transfermarkt.es/ue-cornella/kader/verein/16196/saison_id/2021,UE Cornellà,24,,5.0,,3700000.0
